Workbook

Sheet SAISIE
A1: Date | B1: DJ | C1: RTR | D1: Bâtiment | E1: =LISTES!$A$2 | F1: =LISTES!$A$3 | G1: =LISTES!$A$4 | H1: =LISTES!$A$5 | I1: =LISTES!$A$6 | J1: =LISTES!$A$7 | K1: =LISTES!$A$8 | L1: =LISTES!$A$9 | M1: =LISTES!$A$10 | N1: =LISTES!$A$11 | O1: Commentaire
A2: 46072 | B2: AM | C2: RTR-1 | D2: BAN7 | E2: 0.002
A3: =IF(B3=LISTES!$C$2,A2+1,A2) | B3: =IF(B2=LISTES!$C$2,LISTES!$C$3,LISTES!$C$2)
A4: =IF(B4=LISTES!$C$2,A3+1,A3) | B4: =IF(B3=LISTES!$C$2,LISTES!$C$3,LISTES!$C$2)
A5: =IF(B5=LISTES!$C$2,A4+1,A4) | B5: =IF(B4=LISTES!$C$2,LISTES!$C$3,LISTES!$C$2)
A6: =IF(B6=LISTES!$C$2,A5+1,A5) | B6: =IF(B5=LISTES!$C$2,LISTES!$C$3,LISTES!$C$2)
A7: =IF(B7=LISTES!$C$2,A6+1,A6) | B7: =IF(B6=LISTES!$C$2,LISTES!$C$3,LISTES!$C$2)
A8: =IF(B8=LISTES!$C$2,A7+1,A7) | B8: =IF(B7=LISTES!$C$2,LISTES!$C$3,LISTES!$C$2)
A9: =IF(B9=LISTES!$C$2,A8+1,A8) | B9: =IF(B8=LISTES!$C$2,LISTES!$C$3,LISTES!$C$2)
A10: =IF(B10=LISTES!$C$2,A9+1,A9) | B10: =IF(B9=LISTES!$C$2,LISTES!$C$3,LISTES!$C$2)
A11: =IF(B11=LISTES!$C$2,A10+1,A10) | B11: =IF(B10=LISTES!$C$2,LISTES!$C$3,LISTES!$C$2)
A12: =IF(B12=LISTES!$C$2,A11+1,A11) | B12: =IF(B11=LISTES!$C$2,LISTES!$C$3,LISTES!$C$2)
A13: =IF(B13=LISTES!$C$2,A12+1,A12) | B13: =IF(B12=LISTES!$C$2,LISTES!$C$3,LISTES!$C$2)
A14: =IF(B14=LISTES!$C$2,A13+1,A13) | B14: =IF(B13=LISTES!$C$2,LISTES!$C$3,LISTES!$C$2)
... A501: =IF(B501=LISTES!$C$2,A500+1,A500) | B501: =IF(B500=LISTES!$C$2,LISTES!$C$3,LISTES!$C$2)

Sheet SUIVI_RTR
A1: ▸ RTR CLASSIQUES
A2: RTR | B2: N° IZ | C2: Type | D2: Tranche | E2: Local | F2: Prévu (mSv) | G2: Consommé (mSv) | H2: Reste (mSv) | I2: % consommé
A3: =LISTES!$E$2 | B3: 91528925-1 | C3: Classique | D3: 7 | E3: - | F3: 1.716 | G3: =IF(LISTES!$E$2="",0,SUMIFS(SAISIE!$E$2:$E$501,SAISIE!$C$2:$C$501,LISTES!$E$2)+SUMIFS(SAISIE!$F$2:$F$501,SAISIE!$C$2:$C$501,LISTES!$E$2)+SUMIFS(SAISIE!$G$2:$G$501,SAISIE!$C$2:$C$501,LISTES!$E$2)+SUMIFS(SAISIE!$H$2:$H$501,SAISIE!$C$2:$C$501,LISTES!$E$2)+SUMIFS(SAISIE!$I$2:$I$501,SAISIE!$C$2:$C$501,LISTES!$E$2)+SUMIFS(SAISIE!$J$2:$J$501,SAISIE!$C$2:$C$501,LISTES!$E$2)+SUMIFS(SAISIE!$K$2:$K$501,SAISIE!$C$2:$C$501,LISTES!$E$2)+SUMIFS(SAISIE!$L$2:$L$501,SAISIE!$C$2:$C$501,LISTES!$E$2)+SUMIFS(SAISIE!$M$2:$M$501,SAISIE!$C$2:$C$501,LISTES!$E$2)+SUMIFS(SAISIE!$N$2:$N$501,SAISIE!$C$2:$C$501,LISTES!$E$2)) | H3: =IFERROR(IF(F3=0,"",F3-G3),"") | I3: =IFERROR(IF(F3=0,"",G3/F3),"")
A4: =LISTES!$E$3 | G4: =IF(LISTES!$E$3="",0,SUMIFS(SAISIE!$E$2:$E$501,SAISIE!$C$2:$C$501,LISTES!$E$3)+SUMIFS(SAISIE!$F$2:$F$501,SAISIE!$C$2:$C$501,LISTES!$E$3)+SUMIFS(SAISIE!$G$2:$G$501,SAISIE!$C$2:$C$501,LISTES!$E$3)+SUMIFS(SAISIE!$H$2:$H$501,SAISIE!$C$2:$C$501,LISTES!$E$3)+SUMIFS(SAISIE!$I$2:$I$501,SAISIE!$C$2:$C$501,LISTES!$E$3)+SUMIFS(SAISIE!$J$2:$J$501,SAISIE!$C$2:$C$501,LISTES!$E$3)+SUMIFS(SAISIE!$K$2:$K$501,SAISIE!$C$2:$C$501,LISTES!$E$3)+SUMIFS(SAISIE!$L$2:$L$501,SAISIE!$C$2:$C$501,LISTES!$E$3)+SUMIFS(SAISIE!$M$2:$M$501,SAISIE!$C$2:$C$501,LISTES!$E$3)+SUMIFS(SAISIE!$N$2:$N$501,SAISIE!$C$2:$C$501,LISTES!$E$3)) | H4: =IFERROR(IF(F4=0,"",F4-G4),"") | I4: =IFERROR(IF(F4=0,"",G4/F4),"")
A5: =LISTES!$E$4 | G5: =IF(LISTES!$E$4="",0,SUMIFS(SAISIE!$E$2:$E$501,SAISIE!$C$2:$C$501,LISTES!$E$4)+SUMIFS(SAISIE!$F$2:$F$501,SAISIE!$C$2:$C$501,LISTES!$E$4)+SUMIFS(SAISIE!$G$2:$G$501,SAISIE!$C$2:$C$501,LISTES!$E$4)+SUMIFS(SAISIE!$H$2:$H$501,SAISIE!$C$2:$C$501,LISTES!$E$4)+SUMIFS(SAISIE!$I$2:$I$501,SAISIE!$C$2:$C$501,LISTES!$E$4)+SUMIFS(SAISIE!$J$2:$J$501,SAISIE!$C$2:$C$501,LISTES!$E$4)+SUMIFS(SAISIE!$K$2:$K$501,SAISIE!$C$2:$C$501,LISTES!$E$4)+SUMIFS(SAISIE!$L$2:$L$501,SAISIE!$C$2:$C$501,LISTES!$E$4)+SUMIFS(SAISIE!$M$2:$M$501,SAISIE!$C$2:$C$501,LISTES!$E$4)+SUMIFS(SAISIE!$N$2:$N$501,SAISIE!$C$2:$C$501,LISTES!$E$4)) | H5: =IFERROR(IF(F5=0,"",F5-G5),"") | I5: =IFERROR(IF(F5=0,"",G5/F5),"")
A6: =LISTES!$E$5 | G6: =IF(LISTES!$E$5="",0,SUMIFS(SAISIE!$E$2:$E$501,SAISIE!$C$2:$C$501,LISTES!$E$5)+SUMIFS(SAISIE!$F$2:$F$501,SAISIE!$C$2:$C$501,LISTES!$E$5)+SUMIFS(SAISIE!$G$2:$G$501,SAISIE!$C$2:$C$501,LISTES!$E$5)+SUMIFS(SAISIE!$H$2:$H$501,SAISIE!$C$2:$C$501,LISTES!$E$5)+SUMIFS(SAISIE!$I$2:$I$501,SAISIE!$C$2:$C$501,LISTES!$E$5)+SUMIFS(SAISIE!$J$2:$J$501,SAISIE!$C$2:$C$501,LISTES!$E$5)+SUMIFS(SAISIE!$K$2:$K$501,SAISIE!$C$2:$C$501,LISTES!$E$5)+SUMIFS(SAISIE!$L$2:$L$501,SAISIE!$C$2:$C$501,LISTES!$E$5)+SUMIFS(SAISIE!$M$2:$M$501,SAISIE!$C$2:$C$501,LISTES!$E$5)+SUMIFS(SAISIE!$N$2:$N$501,SAISIE!$C$2:$C$501,LISTES!$E$5)) | H6: =IFERROR(IF(F6=0,"",F6-G6),"") | I6: =IFERROR(IF(F6=0,"",G6/F6),"")
A7: =LISTES!$E$6 | G7: =IF(LISTES!$E$6="",0,SUMIFS(SAISIE!$E$2:$E$501,SAISIE!$C$2:$C$501,LISTES!$E$6)+SUMIFS(SAISIE!$F$2:$F$501,SAISIE!$C$2:$C$501,LISTES!$E$6)+SUMIFS(SAISIE!$G$2:$G$501,SAISIE!$C$2:$C$501,LISTES!$E$6)+SUMIFS(SAISIE!$H$2:$H$501,SAISIE!$C$2:$C$501,LISTES!$E$6)+SUMIFS(SAISIE!$I$2:$I$501,SAISIE!$C$2:$C$501,LISTES!$E$6)+SUMIFS(SAISIE!$J$2:$J$501,SAISIE!$C$2:$C$501,LISTES!$E$6)+SUMIFS(SAISIE!$K$2:$K$501,SAISIE!$C$2:$C$501,LISTES!$E$6)+SUMIFS(SAISIE!$L$2:$L$501,SAISIE!$C$2:$C$501,LISTES!$E$6)+SUMIFS(SAISIE!$M$2:$M$501,SAISIE!$C$2:$C$501,LISTES!$E$6)+SUMIFS(SAISIE!$N$2:$N$501,SAISIE!$C$2:$C$501,LISTES!$E$6)) | H7: =IFERROR(IF(F7=0,"",F7-G7),"") | I7: =IFERROR(IF(F7=0,"",G7/F7),"")
A8: =LISTES!$E$7 | G8: =IF(LISTES!$E$7="",0,SUMIFS(SAISIE!$E$2:$E$501,SAISIE!$C$2:$C$501,LISTES!$E$7)+SUMIFS(SAISIE!$F$2:$F$501,SAISIE!$C$2:$C$501,LISTES!$E$7)+SUMIFS(SAISIE!$G$2:$G$501,SAISIE!$C$2:$C$501,LISTES!$E$7)+SUMIFS(SAISIE!$H$2:$H$501,SAISIE!$C$2:$C$501,LISTES!$E$7)+SUMIFS(SAISIE!$I$2:$I$501,SAISIE!$C$2:$C$501,LISTES!$E$7)+SUMIFS(SAISIE!$J$2:$J$501,SAISIE!$C$2:$C$501,LISTES!$E$7)+SUMIFS(SAISIE!$K$2:$K$501,SAISIE!$C$2:$C$501,LISTES!$E$7)+SUMIFS(SAISIE!$L$2:$L$501,SAISIE!$C$2:$C$501,LISTES!$E$7)+SUMIFS(SAISIE!$M$2:$M$501,SAISIE!$C$2:$C$501,LISTES!$E$7)+SUMIFS(SAISIE!$N$2:$N$501,SAISIE!$C$2:$C$501,LISTES!$E$7)) | H8: =IFERROR(IF(F8=0,"",F8-G8),"") | I8: =IFERROR(IF(F8=0,"",G8/F8),"")
A9: =LISTES!$E$8 | G9: =IF(LISTES!$E$8="",0,SUMIFS(SAISIE!$E$2:$E$501,SAISIE!$C$2:$C$501,LISTES!$E$8)+SUMIFS(SAISIE!$F$2:$F$501,SAISIE!$C$2:$C$501,LISTES!$E$8)+SUMIFS(SAISIE!$G$2:$G$501,SAISIE!$C$2:$C$501,LISTES!$E$8)+SUMIFS(SAISIE!$H$2:$H$501,SAISIE!$C$2:$C$501,LISTES!$E$8)+SUMIFS(SAISIE!$I$2:$I$501,SAISIE!$C$2:$C$501,LISTES!$E$8)+SUMIFS(SAISIE!$J$2:$J$501,SAISIE!$C$2:$C$501,LISTES!$E$8)+SUMIFS(SAISIE!$K$2:$K$501,SAISIE!$C$2:$C$501,LISTES!$E$8)+SUMIFS(SAISIE!$L$2:$L$501,SAISIE!$C$2:$C$501,LISTES!$E$8)+SUMIFS(SAISIE!$M$2:$M$501,SAISIE!$C$2:$C$501,LISTES!$E$8)+SUMIFS(SAISIE!$N$2:$N$501,SAISIE!$C$2:$C$501,LISTES!$E$8)) | H9: =IFERROR(IF(F9=0,"",F9-G9),"") | I9: =IFERROR(IF(F9=0,"",G9/F9),"")
A10: =LISTES!$E$9 | G10: =IF(LISTES!$E$9="",0,SUMIFS(SAISIE!$E$2:$E$501,SAISIE!$C$2:$C$501,LISTES!$E$9)+SUMIFS(SAISIE!$F$2:$F$501,SAISIE!$C$2:$C$501,LISTES!$E$9)+SUMIFS(SAISIE!$G$2:$G$501,SAISIE!$C$2:$C$501,LISTES!$E$9)+SUMIFS(SAISIE!$H$2:$H$501,SAISIE!$C$2:$C$501,LISTES!$E$9)+SUMIFS(SAISIE!$I$2:$I$501,SAISIE!$C$2:$C$501,LISTES!$E$9)+SUMIFS(SAISIE!$J$2:$J$501,SAISIE!$C$2:$C$501,LISTES!$E$9)+SUMIFS(SAISIE!$K$2:$K$501,SAISIE!$C$2:$C$501,LISTES!$E$9)+SUMIFS(SAISIE!$L$2:$L$501,SAISIE!$C$2:$C$501,LISTES!$E$9)+SUMIFS(SAISIE!$M$2:$M$501,SAISIE!$C$2:$C$501,LISTES!$E$9)+SUMIFS(SAISIE!$N$2:$N$501,SAISIE!$C$2:$C$501,LISTES!$E$9)) | H10: =IFERROR(IF(F10=0,"",F10-G10),"") | I10: =IFERROR(IF(F10=0,"",G10/F10),"")
A11: =LISTES!$E$10 | G11: =IF(LISTES!$E$10="",0,SUMIFS(SAISIE!$E$2:$E$501,SAISIE!$C$2:$C$501,LISTES!$E$10)+SUMIFS(SAISIE!$F$2:$F$501,SAISIE!$C$2:$C$501,LISTES!$E$10)+SUMIFS(SAISIE!$G$2:$G$501,SAISIE!$C$2:$C$501,LISTES!$E$10)+SUMIFS(SAISIE!$H$2:$H$501,SAISIE!$C$2:$C$501,LISTES!$E$10)+SUMIFS(SAISIE!$I$2:$I$501,SAISIE!$C$2:$C$501,LISTES!$E$10)+SUMIFS(SAISIE!$J$2:$J$501,SAISIE!$C$2:$C$501,LISTES!$E$10)+SUMIFS(SAISIE!$K$2:$K$501,SAISIE!$C$2:$C$501,LISTES!$E$10)+SUMIFS(SAISIE!$L$2:$L$501,SAISIE!$C$2:$C$501,LISTES!$E$10)+SUMIFS(SAISIE!$M$2:$M$501,SAISIE!$C$2:$C$501,LISTES!$E$10)+SUMIFS(SAISIE!$N$2:$N$501,SAISIE!$C$2:$C$501,LISTES!$E$10)) | H11: =IFERROR(IF(F11=0,"",F11-G11),"") | I11: =IFERROR(IF(F11=0,"",G11/F11),"")
A12: =LISTES!$E$11 | G12: =IF(LISTES!$E$11="",0,SUMIFS(SAISIE!$E$2:$E$501,SAISIE!$C$2:$C$501,LISTES!$E$11)+SUMIFS(SAISIE!$F$2:$F$501,SAISIE!$C$2:$C$501,LISTES!$E$11)+SUMIFS(SAISIE!$G$2:$G$501,SAISIE!$C$2:$C$501,LISTES!$E$11)+SUMIFS(SAISIE!$H$2:$H$501,SAISIE!$C$2:$C$501,LISTES!$E$11)+SUMIFS(SAISIE!$I$2:$I$501,SAISIE!$C$2:$C$501,LISTES!$E$11)+SUMIFS(SAISIE!$J$2:$J$501,SAISIE!$C$2:$C$501,LISTES!$E$11)+SUMIFS(SAISIE!$K$2:$K$501,SAISIE!$C$2:$C$501,LISTES!$E$11)+SUMIFS(SAISIE!$L$2:$L$501,SAISIE!$C$2:$C$501,LISTES!$E$11)+SUMIFS(SAISIE!$M$2:$M$501,SAISIE!$C$2:$C$501,LISTES!$E$11)+SUMIFS(SAISIE!$N$2:$N$501,SAISIE!$C$2:$C$501,LISTES!$E$11)) | H12: =IFERROR(IF(F12=0,"",F12-G12),"") | I12: =IFERROR(IF(F12=0,"",G12/F12),"")
A13: Sous-total | F13: =SUMIF(F3:F12,"<>") | G13: =SUM(G3:G12) | H13: =IFERROR(IF(F13=0,"",F13-G13),"") | I13: =IFERROR(IF(F13=0,"",G13/F13),"")
A15: ▸ RTR ZONE ORANGE
A16: RTR | B16: N° IZ | C16: Type | D16: Tranche | E16: Local | F16: Prévu (mSv) | G16: Consommé (mSv) | H16: Reste (mSv) | I16: % consommé
A17: =LISTES!$G$2 | G17: =IF(LISTES!$G$2="",0,SUMIFS(SAISIE!$E$2:$E$501,SAISIE!$C$2:$C$501,LISTES!$G$2)+SUMIFS(SAISIE!$F$2:$F$501,SAISIE!$C$2:$C$501,LISTES!$G$2)+SUMIFS(SAISIE!$G$2:$G$501,SAISIE!$C$2:$C$501,LISTES!$G$2)+SUMIFS(SAISIE!$H$2:$H$501,SAISIE!$C$2:$C$501,LISTES!$G$2)+SUMIFS(SAISIE!$I$2:$I$501,SAISIE!$C$2:$C$501,LISTES!$G$2)+SUMIFS(SAISIE!$J$2:$J$501,SAISIE!$C$2:$C$501,LISTES!$G$2)+SUMIFS(SAISIE!$K$2:$K$501,SAISIE!$C$2:$C$501,LISTES!$G$2)+SUMIFS(SAISIE!$L$2:$L$501,SAISIE!$C$2:$C$501,LISTES!$G$2)+SUMIFS(SAISIE!$M$2:$M$501,SAISIE!$C$2:$C$501,LISTES!$G$2)+SUMIFS(SAISIE!$N$2:$N$501,SAISIE!$C$2:$C$501,LISTES!$G$2)) | H17: =IFERROR(IF(F17=0,"",F17-G17),"") | I17: =IFERROR(IF(F17=0,"",G17/F17),"")
A18: =LISTES!$G$3 | G18: =IF(LISTES!$G$3="",0,SUMIFS(SAISIE!$E$2:$E$501,SAISIE!$C$2:$C$501,LISTES!$G$3)+SUMIFS(SAISIE!$F$2:$F$501,SAISIE!$C$2:$C$501,LISTES!$G$3)+SUMIFS(SAISIE!$G$2:$G$501,SAISIE!$C$2:$C$501,LISTES!$G$3)+SUMIFS(SAISIE!$H$2:$H$501,SAISIE!$C$2:$C$501,LISTES!$G$3)+SUMIFS(SAISIE!$I$2:$I$501,SAISIE!$C$2:$C$501,LISTES!$G$3)+SUMIFS(SAISIE!$J$2:$J$501,SAISIE!$C$2:$C$501,LISTES!$G$3)+SUMIFS(SAISIE!$K$2:$K$501,SAISIE!$C$2:$C$501,LISTES!$G$3)+SUMIFS(SAISIE!$L$2:$L$501,SAISIE!$C$2:$C$501,LISTES!$G$3)+SUMIFS(SAISIE!$M$2:$M$501,SAISIE!$C$2:$C$501,LISTES!$G$3)+SUMIFS(SAISIE!$N$2:$N$501,SAISIE!$C$2:$C$501,LISTES!$G$3)) | H18: =IFERROR(IF(F18=0,"",F18-G18),"") | I18: =IFERROR(IF(F18=0,"",G18/F18),"")
A19: =LISTES!$G$4 | G19: =IF(LISTES!$G$4="",0,SUMIFS(SAISIE!$E$2:$E$501,SAISIE!$C$2:$C$501,LISTES!$G$4)+SUMIFS(SAISIE!$F$2:$F$501,SAISIE!$C$2:$C$501,LISTES!$G$4)+SUMIFS(SAISIE!$G$2:$G$501,SAISIE!$C$2:$C$501,LISTES!$G$4)+SUMIFS(SAISIE!$H$2:$H$501,SAISIE!$C$2:$C$501,LISTES!$G$4)+SUMIFS(SAISIE!$I$2:$I$501,SAISIE!$C$2:$C$501,LISTES!$G$4)+SUMIFS(SAISIE!$J$2:$J$501,SAISIE!$C$2:$C$501,LISTES!$G$4)+SUMIFS(SAISIE!$K$2:$K$501,SAISIE!$C$2:$C$501,LISTES!$G$4)+SUMIFS(SAISIE!$L$2:$L$501,SAISIE!$C$2:$C$501,LISTES!$G$4)+SUMIFS(SAISIE!$M$2:$M$501,SAISIE!$C$2:$C$501,LISTES!$G$4)+SUMIFS(SAISIE!$N$2:$N$501,SAISIE!$C$2:$C$501,LISTES!$G$4)) | H19: =IFERROR(IF(F19=0,"",F19-G19),"") | I19: =IFERROR(IF(F19=0,"",G19/F19),"")
A20: =LISTES!$G$5 | G20: =IF(LISTES!$G$5="",0,SUMIFS(SAISIE!$E$2:$E$501,SAISIE!$C$2:$C$501,LISTES!$G$5)+SUMIFS(SAISIE!$F$2:$F$501,SAISIE!$C$2:$C$501,LISTES!$G$5)+SUMIFS(SAISIE!$G$2:$G$501,SAISIE!$C$2:$C$501,LISTES!$G$5)+SUMIFS(SAISIE!$H$2:$H$501,SAISIE!$C$2:$C$501,LISTES!$G$5)+SUMIFS(SAISIE!$I$2:$I$501,SAISIE!$C$2:$C$501,LISTES!$G$5)+SUMIFS(SAISIE!$J$2:$J$501,SAISIE!$C$2:$C$501,LISTES!$G$5)+SUMIFS(SAISIE!$K$2:$K$501,SAISIE!$C$2:$C$501,LISTES!$G$5)+SUMIFS(SAISIE!$L$2:$L$501,SAISIE!$C$2:$C$501,LISTES!$G$5)+SUMIFS(SAISIE!$M$2:$M$501,SAISIE!$C$2:$C$501,LISTES!$G$5)+SUMIFS(SAISIE!$N$2:$N$501,SAISIE!$C$2:$C$501,LISTES!$G$5)) | H20: =IFERROR(IF(F20=0,"",F20-G20),"") | I20: =IFERROR(IF(F20=0,"",G20/F20),"")
A21: =LISTES!$G$6 | G21: =IF(LISTES!$G$6="",0,SUMIFS(SAISIE!$E$2:$E$501,SAISIE!$C$2:$C$501,LISTES!$G$6)+SUMIFS(SAISIE!$F$2:$F$501,SAISIE!$C$2:$C$501,LISTES!$G$6)+SUMIFS(SAISIE!$G$2:$G$501,SAISIE!$C$2:$C$501,LISTES!$G$6)+SUMIFS(SAISIE!$H$2:$H$501,SAISIE!$C$2:$C$501,LISTES!$G$6)+SUMIFS(SAISIE!$I$2:$I$501,SAISIE!$C$2:$C$501,LISTES!$G$6)+SUMIFS(SAISIE!$J$2:$J$501,SAISIE!$C$2:$C$501,LISTES!$G$6)+SUMIFS(SAISIE!$K$2:$K$501,SAISIE!$C$2:$C$501,LISTES!$G$6)+SUMIFS(SAISIE!$L$2:$L$501,SAISIE!$C$2:$C$501,LISTES!$G$6)+SUMIFS(SAISIE!$M$2:$M$501,SAISIE!$C$2:$C$501,LISTES!$G$6)+SUMIFS(SAISIE!$N$2:$N$501,SAISIE!$C$2:$C$501,LISTES!$G$6)) | H21: =IFERROR(IF(F21=0,"",F21-G21),"") | I21: =IFERROR(IF(F21=0,"",G21/F21),"")
A22: =LISTES!$G$7 | G22: =IF(LISTES!$G$7="",0,SUMIFS(SAISIE!$E$2:$E$501,SAISIE!$C$2:$C$501,LISTES!$G$7)+SUMIFS(SAISIE!$F$2:$F$501,SAISIE!$C$2:$C$501,LISTES!$G$7)+SUMIFS(SAISIE!$G$2:$G$501,SAISIE!$C$2:$C$501,LISTES!$G$7)+SUMIFS(SAISIE!$H$2:$H$501,SAISIE!$C$2:$C$501,LISTES!$G$7)+SUMIFS(SAISIE!$I$2:$I$501,SAISIE!$C$2:$C$501,LISTES!$G$7)+SUMIFS(SAISIE!$J$2:$J$501,SAISIE!$C$2:$C$501,LISTES!$G$7)+SUMIFS(SAISIE!$K$2:$K$501,SAISIE!$C$2:$C$501,LISTES!$G$7)+SUMIFS(SAISIE!$L$2:$L$501,SAISIE!$C$2:$C$501,LISTES!$G$7)+SUMIFS(SAISIE!$M$2:$M$501,SAISIE!$C$2:$C$501,LISTES!$G$7)+SUMIFS(SAISIE!$N$2:$N$501,SAISIE!$C$2:$C$501,LISTES!$G$7)) | H22: =IFERROR(IF(F22=0,"",F22-G22),"") | I22: =IFERROR(IF(F22=0,"",G22/F22),"")
A23: =LISTES!$G$8 | G23: =IF(LISTES!$G$8="",0,SUMIFS(SAISIE!$E$2:$E$501,SAISIE!$C$2:$C$501,LISTES!$G$8)+SUMIFS(SAISIE!$F$2:$F$501,SAISIE!$C$2:$C$501,LISTES!$G$8)+SUMIFS(SAISIE!$G$2:$G$501,SAISIE!$C$2:$C$501,LISTES!$G$8)+SUMIFS(SAISIE!$H$2:$H$501,SAISIE!$C$2:$C$501,LISTES!$G$8)+SUMIFS(SAISIE!$I$2:$I$501,SAISIE!$C$2:$C$501,LISTES!$G$8)+SUMIFS(SAISIE!$J$2:$J$501,SAISIE!$C$2:$C$501,LISTES!$G$8)+SUMIFS(SAISIE!$K$2:$K$501,SAISIE!$C$2:$C$501,LISTES!$G$8)+SUMIFS(SAISIE!$L$2:$L$501,SAISIE!$C$2:$C$501,LISTES!$G$8)+SUMIFS(SAISIE!$M$2:$M$501,SAISIE!$C$2:$C$501,LISTES!$G$8)+SUMIFS(SAISIE!$N$2:$N$501,SAISIE!$C$2:$C$501,LISTES!$G$8)) | H23: =IFERROR(IF(F23=0,"",F23-G23),"") | I23: =IFERROR(IF(F23=0,"",G23/F23),"")
A24: =LISTES!$G$9 | G24: =IF(LISTES!$G$9="",0,SUMIFS(SAISIE!$E$2:$E$501,SAISIE!$C$2:$C$501,LISTES!$G$9)+SUMIFS(SAISIE!$F$2:$F$501,SAISIE!$C$2:$C$501,LISTES!$G$9)+SUMIFS(SAISIE!$G$2:$G$501,SAISIE!$C$2:$C$501,LISTES!$G$9)+SUMIFS(SAISIE!$H$2:$H$501,SAISIE!$C$2:$C$501,LISTES!$G$9)+SUMIFS(SAISIE!$I$2:$I$501,SAISIE!$C$2:$C$501,LISTES!$G$9)+SUMIFS(SAISIE!$J$2:$J$501,SAISIE!$C$2:$C$501,LISTES!$G$9)+SUMIFS(SAISIE!$K$2:$K$501,SAISIE!$C$2:$C$501,LISTES!$G$9)+SUMIFS(SAISIE!$L$2:$L$501,SAISIE!$C$2:$C$501,LISTES!$G$9)+SUMIFS(SAISIE!$M$2:$M$501,SAISIE!$C$2:$C$501,LISTES!$G$9)+SUMIFS(SAISIE!$N$2:$N$501,SAISIE!$C$2:$C$501,LISTES!$G$9)) | H24: =IFERROR(IF(F24=0,"",F24-G24),"") | I24: =IFERROR(IF(F24=0,"",G24/F24),"")
A25: =LISTES!$G$10 | G25: =IF(LISTES!$G$10="",0,SUMIFS(SAISIE!$E$2:$E$501,SAISIE!$C$2:$C$501,LISTES!$G$10)+SUMIFS(SAISIE!$F$2:$F$501,SAISIE!$C$2:$C$501,LISTES!$G$10)+SUMIFS(SAISIE!$G$2:$G$501,SAISIE!$C$2:$C$501,LISTES!$G$10)+SUMIFS(SAISIE!$H$2:$H$501,SAISIE!$C$2:$C$501,LISTES!$G$10)+SUMIFS(SAISIE!$I$2:$I$501,SAISIE!$C$2:$C$501,LISTES!$G$10)+SUMIFS(SAISIE!$J$2:$J$501,SAISIE!$C$2:$C$501,LISTES!$G$10)+SUMIFS(SAISIE!$K$2:$K$501,SAISIE!$C$2:$C$501,LISTES!$G$10)+SUMIFS(SAISIE!$L$2:$L$501,SAISIE!$C$2:$C$501,LISTES!$G$10)+SUMIFS(SAISIE!$M$2:$M$501,SAISIE!$C$2:$C$501,LISTES!$G$10)+SUMIFS(SAISIE!$N$2:$N$501,SAISIE!$C$2:$C$501,LISTES!$G$10)) | H25: =IFERROR(IF(F25=0,"",F25-G25),"") | I25: =IFERROR(IF(F25=0,"",G25/F25),"")
A26: =LISTES!$G$11 | G26: =IF(LISTES!$G$11="",0,SUMIFS(SAISIE!$E$2:$E$501,SAISIE!$C$2:$C$501,LISTES!$G$11)+SUMIFS(SAISIE!$F$2:$F$501,SAISIE!$C$2:$C$501,LISTES!$G$11)+SUMIFS(SAISIE!$G$2:$G$501,SAISIE!$C$2:$C$501,LISTES!$G$11)+SUMIFS(SAISIE!$H$2:$H$501,SAISIE!$C$2:$C$501,LISTES!$G$11)+SUMIFS(SAISIE!$I$2:$I$501,SAISIE!$C$2:$C$501,LISTES!$G$11)+SUMIFS(SAISIE!$J$2:$J$501,SAISIE!$C$2:$C$501,LISTES!$G$11)+SUMIFS(SAISIE!$K$2:$K$501,SAISIE!$C$2:$C$501,LISTES!$G$11)+SUMIFS(SAISIE!$L$2:$L$501,SAISIE!$C$2:$C$501,LISTES!$G$11)+SUMIFS(SAISIE!$M$2:$M$501,SAISIE!$C$2:$C$501,LISTES!$G$11)+SUMIFS(SAISIE!$N$2:$N$501,SAISIE!$C$2:$C$501,LISTES!$G$11)) | H26: =IFERROR(IF(F26=0,"",F26-G26),"") | I26: =IFERROR(IF(F26=0,"",G26/F26),"")
A27: Sous-total | F27: =SUMIF(F17:F26,"<>") | G27: =SUM(G17:G26) | H27: =IFERROR(IF(F27=0,"",F27-G27),"") | I27: =IFERROR(IF(F27=0,"",G27/F27),"")
A29: ▸ RTR NEUTRONIQUES
A30: RTR | B30: N° IZ | C30: Type | D30: Tranche | E30: Local | F30: Prévu (mSv) | G30: Consommé (mSv) | H30: Reste (mSv) | I30: % consommé
A31: =LISTES!$I$2 | G31: =IF(LISTES!$I$2="",0,SUMIFS(SAISIE!$E$2:$E$501,SAISIE!$C$2:$C$501,LISTES!$I$2)+SUMIFS(SAISIE!$F$2:$F$501,SAISIE!$C$2:$C$501,LISTES!$I$2)+SUMIFS(SAISIE!$G$2:$G$501,SAISIE!$C$2:$C$501,LISTES!$I$2)+SUMIFS(SAISIE!$H$2:$H$501,SAISIE!$C$2:$C$501,LISTES!$I$2)+SUMIFS(SAISIE!$I$2:$I$501,SAISIE!$C$2:$C$501,LISTES!$I$2)+SUMIFS(SAISIE!$J$2:$J$501,SAISIE!$C$2:$C$501,LISTES!$I$2)+SUMIFS(SAISIE!$K$2:$K$501,SAISIE!$C$2:$C$501,LISTES!$I$2)+SUMIFS(SAISIE!$L$2:$L$501,SAISIE!$C$2:$C$501,LISTES!$I$2)+SUMIFS(SAISIE!$M$2:$M$501,SAISIE!$C$2:$C$501,LISTES!$I$2)+SUMIFS(SAISIE!$N$2:$N$501,SAISIE!$C$2:$C$501,LISTES!$I$2)) | H31: =IFERROR(IF(F31=0,"",F31-G31),"") | I31: =IFERROR(IF(F31=0,"",G31/F31),"")
A32: =LISTES!$I$3 | G32: =IF(LISTES!$I$3="",0,SUMIFS(SAISIE!$E$2:$E$501,SAISIE!$C$2:$C$501,LISTES!$I$3)+SUMIFS(SAISIE!$F$2:$F$501,SAISIE!$C$2:$C$501,LISTES!$I$3)+SUMIFS(SAISIE!$G$2:$G$501,SAISIE!$C$2:$C$501,LISTES!$I$3)+SUMIFS(SAISIE!$H$2:$H$501,SAISIE!$C$2:$C$501,LISTES!$I$3)+SUMIFS(SAISIE!$I$2:$I$501,SAISIE!$C$2:$C$501,LISTES!$I$3)+SUMIFS(SAISIE!$J$2:$J$501,SAISIE!$C$2:$C$501,LISTES!$I$3)+SUMIFS(SAISIE!$K$2:$K$501,SAISIE!$C$2:$C$501,LISTES!$I$3)+SUMIFS(SAISIE!$L$2:$L$501,SAISIE!$C$2:$C$501,LISTES!$I$3)+SUMIFS(SAISIE!$M$2:$M$501,SAISIE!$C$2:$C$501,LISTES!$I$3)+SUMIFS(SAISIE!$N$2:$N$501,SAISIE!$C$2:$C$501,LISTES!$I$3)) | H32: =IFERROR(IF(F32=0,"",F32-G32),"") | I32: =IFERROR(IF(F32=0,"",G32/F32),"")
A33: =LISTES!$I$4 | G33: =IF(LISTES!$I$4="",0,SUMIFS(SAISIE!$E$2:$E$501,SAISIE!$C$2:$C$501,LISTES!$I$4)+SUMIFS(SAISIE!$F$2:$F$501,SAISIE!$C$2:$C$501,LISTES!$I$4)+SUMIFS(SAISIE!$G$2:$G$501,SAISIE!$C$2:$C$501,LISTES!$I$4)+SUMIFS(SAISIE!$H$2:$H$501,SAISIE!$C$2:$C$501,LISTES!$I$4)+SUMIFS(SAISIE!$I$2:$I$501,SAISIE!$C$2:$C$501,LISTES!$I$4)+SUMIFS(SAISIE!$J$2:$J$501,SAISIE!$C$2:$C$501,LISTES!$I$4)+SUMIFS(SAISIE!$K$2:$K$501,SAISIE!$C$2:$C$501,LISTES!$I$4)+SUMIFS(SAISIE!$L$2:$L$501,SAISIE!$C$2:$C$501,LISTES!$I$4)+SUMIFS(SAISIE!$M$2:$M$501,SAISIE!$C$2:$C$501,LISTES!$I$4)+SUMIFS(SAISIE!$N$2:$N$501,SAISIE!$C$2:$C$501,LISTES!$I$4)) | H33: =IFERROR(IF(F33=0,"",F33-G33),"") | I33: =IFERROR(IF(F33=0,"",G33/F33),"")
A34: =LISTES!$I$5 | G34: =IF(LISTES!$I$5="",0,SUMIFS(SAISIE!$E$2:$E$501,SAISIE!$C$2:$C$501,LISTES!$I$5)+SUMIFS(SAISIE!$F$2:$F$501,SAISIE!$C$2:$C$501,LISTES!$I$5)+SUMIFS(SAISIE!$G$2:$G$501,SAISIE!$C$2:$C$501,LISTES!$I$5)+SUMIFS(SAISIE!$H$2:$H$501,SAISIE!$C$2:$C$501,LISTES!$I$5)+SUMIFS(SAISIE!$I$2:$I$501,SAISIE!$C$2:$C$501,LISTES!$I$5)+SUMIFS(SAISIE!$J$2:$J$501,SAISIE!$C$2:$C$501,LISTES!$I$5)+SUMIFS(SAISIE!$K$2:$K$501,SAISIE!$C$2:$C$501,LISTES!$I$5)+SUMIFS(SAISIE!$L$2:$L$501,SAISIE!$C$2:$C$501,LISTES!$I$5)+SUMIFS(SAISIE!$M$2:$M$501,SAISIE!$C$2:$C$501,LISTES!$I$5)+SUMIFS(SAISIE!$N$2:$N$501,SAISIE!$C$2:$C$501,LISTES!$I$5)) | H34: =IFERROR(IF(F34=0,"",F34-G34),"") | I34: =IFERROR(IF(F34=0,"",G34/F34),"")
A35: =LISTES!$I$6 | G35: =IF(LISTES!$I$6="",0,SUMIFS(SAISIE!$E$2:$E$501,SAISIE!$C$2:$C$501,LISTES!$I$6)+SUMIFS(SAISIE!$F$2:$F$501,SAISIE!$C$2:$C$501,LISTES!$I$6)+SUMIFS(SAISIE!$G$2:$G$501,SAISIE!$C$2:$C$501,LISTES!$I$6)+SUMIFS(SAISIE!$H$2:$H$501,SAISIE!$C$2:$C$501,LISTES!$I$6)+SUMIFS(SAISIE!$I$2:$I$501,SAISIE!$C$2:$C$501,LISTES!$I$6)+SUMIFS(SAISIE!$J$2:$J$501,SAISIE!$C$2:$C$501,LISTES!$I$6)+SUMIFS(SAISIE!$K$2:$K$501,SAISIE!$C$2:$C$501,LISTES!$I$6)+SUMIFS(SAISIE!$L$2:$L$501,SAISIE!$C$2:$C$501,LISTES!$I$6)+SUMIFS(SAISIE!$M$2:$M$501,SAISIE!$C$2:$C$501,LISTES!$I$6)+SUMIFS(SAISIE!$N$2:$N$501,SAISIE!$C$2:$C$501,LISTES!$I$6)) | H35: =IFERROR(IF(F35=0,"",F35-G35),"") | I35: =IFERROR(IF(F35=0,"",G35/F35),"")
A36: =LISTES!$I$7 | G36: =IF(LISTES!$I$7="",0,SUMIFS(SAISIE!$E$2:$E$501,SAISIE!$C$2:$C$501,LISTES!$I$7)+SUMIFS(SAISIE!$F$2:$F$501,SAISIE!$C$2:$C$501,LISTES!$I$7)+SUMIFS(SAISIE!$G$2:$G$501,SAISIE!$C$2:$C$501,LISTES!$I$7)+SUMIFS(SAISIE!$H$2:$H$501,SAISIE!$C$2:$C$501,LISTES!$I$7)+SUMIFS(SAISIE!$I$2:$I$501,SAISIE!$C$2:$C$501,LISTES!$I$7)+SUMIFS(SAISIE!$J$2:$J$501,SAISIE!$C$2:$C$501,LISTES!$I$7)+SUMIFS(SAISIE!$K$2:$K$501,SAISIE!$C$2:$C$501,LISTES!$I$7)+SUMIFS(SAISIE!$L$2:$L$501,SAISIE!$C$2:$C$501,LISTES!$I$7)+SUMIFS(SAISIE!$M$2:$M$501,SAISIE!$C$2:$C$501,LISTES!$I$7)+SUMIFS(SAISIE!$N$2:$N$501,SAISIE!$C$2:$C$501,LISTES!$I$7)) | H36: =IFERROR(IF(F36=0,"",F36-G36),"") | I36: =IFERROR(IF(F36=0,"",G36/F36),"")
A37: =LISTES!$I$8 | G37: =IF(LISTES!$I$8="",0,SUMIFS(SAISIE!$E$2:$E$501,SAISIE!$C$2:$C$501,LISTES!$I$8)+SUMIFS(SAISIE!$F$2:$F$501,SAISIE!$C$2:$C$501,LISTES!$I$8)+SUMIFS(SAISIE!$G$2:$G$501,SAISIE!$C$2:$C$501,LISTES!$I$8)+SUMIFS(SAISIE!$H$2:$H$501,SAISIE!$C$2:$C$501,LISTES!$I$8)+SUMIFS(SAISIE!$I$2:$I$501,SAISIE!$C$2:$C$501,LISTES!$I$8)+SUMIFS(SAISIE!$J$2:$J$501,SAISIE!$C$2:$C$501,LISTES!$I$8)+SUMIFS(SAISIE!$K$2:$K$501,SAISIE!$C$2:$C$501,LISTES!$I$8)+SUMIFS(SAISIE!$L$2:$L$501,SAISIE!$C$2:$C$501,LISTES!$I$8)+SUMIFS(SAISIE!$M$2:$M$501,SAISIE!$C$2:$C$501,LISTES!$I$8)+SUMIFS(SAISIE!$N$2:$N$501,SAISIE!$C$2:$C$501,LISTES!$I$8)) | H37: =IFERROR(IF(F37=0,"",F37-G37),"") | I37: =IFERROR(IF(F37=0,"",G37/F37),"")
A38: =LISTES!$I$9 | G38: =IF(LISTES!$I$9="",0,SUMIFS(SAISIE!$E$2:$E$501,SAISIE!$C$2:$C$501,LISTES!$I$9)+SUMIFS(SAISIE!$F$2:$F$501,SAISIE!$C$2:$C$501,LISTES!$I$9)+SUMIFS(SAISIE!$G$2:$G$501,SAISIE!$C$2:$C$501,LISTES!$I$9)+SUMIFS(SAISIE!$H$2:$H$501,SAISIE!$C$2:$C$501,LISTES!$I$9)+SUMIFS(SAISIE!$I$2:$I$501,SAISIE!$C$2:$C$501,LISTES!$I$9)+SUMIFS(SAISIE!$J$2:$J$501,SAISIE!$C$2:$C$501,LISTES!$I$9)+SUMIFS(SAISIE!$K$2:$K$501,SAISIE!$C$2:$C$501,LISTES!$I$9)+SUMIFS(SAISIE!$L$2:$L$501,SAISIE!$C$2:$C$501,LISTES!$I$9)+SUMIFS(SAISIE!$M$2:$M$501,SAISIE!$C$2:$C$501,LISTES!$I$9)+SUMIFS(SAISIE!$N$2:$N$501,SAISIE!$C$2:$C$501,LISTES!$I$9)) | H38: =IFERROR(IF(F38=0,"",F38-G38),"") | I38: =IFERROR(IF(F38=0,"",G38/F38),"")
A39: =LISTES!$I$10 | G39: =IF(LISTES!$I$10="",0,SUMIFS(SAISIE!$E$2:$E$501,SAISIE!$C$2:$C$501,LISTES!$I$10)+SUMIFS(SAISIE!$F$2:$F$501,SAISIE!$C$2:$C$501,LISTES!$I$10)+SUMIFS(SAISIE!$G$2:$G$501,SAISIE!$C$2:$C$501,LISTES!$I$10)+SUMIFS(SAISIE!$H$2:$H$501,SAISIE!$C$2:$C$501,LISTES!$I$10)+SUMIFS(SAISIE!$I$2:$I$501,SAISIE!$C$2:$C$501,LISTES!$I$10)+SUMIFS(SAISIE!$J$2:$J$501,SAISIE!$C$2:$C$501,LISTES!$I$10)+SUMIFS(SAISIE!$K$2:$K$501,SAISIE!$C$2:$C$501,LISTES!$I$10)+SUMIFS(SAISIE!$L$2:$L$501,SAISIE!$C$2:$C$501,LISTES!$I$10)+SUMIFS(SAISIE!$M$2:$M$501,SAISIE!$C$2:$C$501,LISTES!$I$10)+SUMIFS(SAISIE!$N$2:$N$501,SAISIE!$C$2:$C$501,LISTES!$I$10)) | H39: =IFERROR(IF(F39=0,"",F39-G39),"") | I39: =IFERROR(IF(F39=0,"",G39/F39),"")
A40: =LISTES!$I$11 | G40: =IF(LISTES!$I$11="",0,SUMIFS(SAISIE!$E$2:$E$501,SAISIE!$C$2:$C$501,LISTES!$I$11)+SUMIFS(SAISIE!$F$2:$F$501,SAISIE!$C$2:$C$501,LISTES!$I$11)+SUMIFS(SAISIE!$G$2:$G$501,SAISIE!$C$2:$C$501,LISTES!$I$11)+SUMIFS(SAISIE!$H$2:$H$501,SAISIE!$C$2:$C$501,LISTES!$I$11)+SUMIFS(SAISIE!$I$2:$I$501,SAISIE!$C$2:$C$501,LISTES!$I$11)+SUMIFS(SAISIE!$J$2:$J$501,SAISIE!$C$2:$C$501,LISTES!$I$11)+SUMIFS(SAISIE!$K$2:$K$501,SAISIE!$C$2:$C$501,LISTES!$I$11)+SUMIFS(SAISIE!$L$2:$L$501,SAISIE!$C$2:$C$501,LISTES!$I$11)+SUMIFS(SAISIE!$M$2:$M$501,SAISIE!$C$2:$C$501,LISTES!$I$11)+SUMIFS(SAISIE!$N$2:$N$501,SAISIE!$C$2:$C$501,LISTES!$I$11)) | H40: =IFERROR(IF(F40=0,"",F40-G40),"") | I40: =IFERROR(IF(F40=0,"",G40/F40),"")
A41: Sous-total | F41: =SUMIF(F31:F40,"<>") | G41: =SUM(G31:G40) | H41: =IFERROR(IF(F41=0,"",F41-G41),"") | I41: =IFERROR(IF(F41=0,"",G41/F41),"")
A42: TOTAL GÉNÉRAL | F42: =SUM(F13,F27,F41) | G42: =SUM(G13,G27,G41) | H42: =IFERROR(IF(F42=0,"",F42-G42),"") | I42: =IFERROR(IF(F42=0,"",G42/F42),"")

Sheet SUIVI_BATIMENT
A1: SUIVI PAR BÂTIMENT
A2: Bâtiment | B2: Dose consommée (mSv) | C2: Passages (DJ) | D2: Jours-Homme | E2: Jours Calendrier
A3: =LISTES!$K$2 | B3: =IF(LISTES!$K$2="",0,SUMIFS(SAISIE!$E$2:$E$501,SAISIE!$D$2:$D$501,LISTES!$K$2)+SUMIFS(SAISIE!$F$2:$F$501,SAISIE!$D$2:$D$501,LISTES!$K$2)+SUMIFS(SAISIE!$G$2:$G$501,SAISIE!$D$2:$D$501,LISTES!$K$2)+SUMIFS(SAISIE!$H$2:$H$501,SAISIE!$D$2:$D$501,LISTES!$K$2)+SUMIFS(SAISIE!$I$2:$I$501,SAISIE!$D$2:$D$501,LISTES!$K$2)+SUMIFS(SAISIE!$J$2:$J$501,SAISIE!$D$2:$D$501,LISTES!$K$2)+SUMIFS(SAISIE!$K$2:$K$501,SAISIE!$D$2:$D$501,LISTES!$K$2)+SUMIFS(SAISIE!$L$2:$L$501,SAISIE!$D$2:$D$501,LISTES!$K$2)+SUMIFS(SAISIE!$M$2:$M$501,SAISIE!$D$2:$D$501,LISTES!$K$2)+SUMIFS(SAISIE!$N$2:$N$501,SAISIE!$D$2:$D$501,LISTES!$K$2)) | C3: =IFERROR(COUNTIFS(SAISIE!$D$2:$D$501,LISTES!$K$2),0) | D3: =IFERROR(SUMPRODUCT((SAISIE!$D$2:$D$501=LISTES!$K$2)*((SAISIE!$E$2:$E$501>0)+(SAISIE!$F$2:$F$501>0)+(SAISIE!$G$2:$G$501>0)+(SAISIE!$H$2:$H$501>0)+(SAISIE!$I$2:$I$501>0)+(SAISIE!$J$2:$J$501>0)+(SAISIE!$K$2:$K$501>0)+(SAISIE!$L$2:$L$501>0)+(SAISIE!$M$2:$M$501>0)+(SAISIE!$N$2:$N$501>0))),0) | E3: =IFERROR(SUMPRODUCT((SAISIE!$D$2:$D$501=LISTES!$K$2)/(COUNTIFS(SAISIE!$A$2:$A$501,SAISIE!$A$2:$A$501,SAISIE!$D$2:$D$501,LISTES!$K$2)+((SAISIE!$D$2:$D$501<>LISTES!$K$2)*1E9))),0)
A4: =LISTES!$K$3 | B4: =IF(LISTES!$K$3="",0,SUMIFS(SAISIE!$E$2:$E$501,SAISIE!$D$2:$D$501,LISTES!$K$3)+SUMIFS(SAISIE!$F$2:$F$501,SAISIE!$D$2:$D$501,LISTES!$K$3)+SUMIFS(SAISIE!$G$2:$G$501,SAISIE!$D$2:$D$501,LISTES!$K$3)+SUMIFS(SAISIE!$H$2:$H$501,SAISIE!$D$2:$D$501,LISTES!$K$3)+SUMIFS(SAISIE!$I$2:$I$501,SAISIE!$D$2:$D$501,LISTES!$K$3)+SUMIFS(SAISIE!$J$2:$J$501,SAISIE!$D$2:$D$501,LISTES!$K$3)+SUMIFS(SAISIE!$K$2:$K$501,SAISIE!$D$2:$D$501,LISTES!$K$3)+SUMIFS(SAISIE!$L$2:$L$501,SAISIE!$D$2:$D$501,LISTES!$K$3)+SUMIFS(SAISIE!$M$2:$M$501,SAISIE!$D$2:$D$501,LISTES!$K$3)+SUMIFS(SAISIE!$N$2:$N$501,SAISIE!$D$2:$D$501,LISTES!$K$3)) | C4: =IFERROR(COUNTIFS(SAISIE!$D$2:$D$501,LISTES!$K$3),0) | D4: =IFERROR(SUMPRODUCT((SAISIE!$D$2:$D$501=LISTES!$K$3)*((SAISIE!$E$2:$E$501>0)+(SAISIE!$F$2:$F$501>0)+(SAISIE!$G$2:$G$501>0)+(SAISIE!$H$2:$H$501>0)+(SAISIE!$I$2:$I$501>0)+(SAISIE!$J$2:$J$501>0)+(SAISIE!$K$2:$K$501>0)+(SAISIE!$L$2:$L$501>0)+(SAISIE!$M$2:$M$501>0)+(SAISIE!$N$2:$N$501>0))),0) | E4: =IFERROR(SUMPRODUCT((SAISIE!$D$2:$D$501=LISTES!$K$3)/(COUNTIFS(SAISIE!$A$2:$A$501,SAISIE!$A$2:$A$501,SAISIE!$D$2:$D$501,LISTES!$K$3)+((SAISIE!$D$2:$D$501<>LISTES!$K$3)*1E9))),0)
A5: =LISTES!$K$4 | B5: =IF(LISTES!$K$4="",0,SUMIFS(SAISIE!$E$2:$E$501,SAISIE!$D$2:$D$501,LISTES!$K$4)+SUMIFS(SAISIE!$F$2:$F$501,SAISIE!$D$2:$D$501,LISTES!$K$4)+SUMIFS(SAISIE!$G$2:$G$501,SAISIE!$D$2:$D$501,LISTES!$K$4)+SUMIFS(SAISIE!$H$2:$H$501,SAISIE!$D$2:$D$501,LISTES!$K$4)+SUMIFS(SAISIE!$I$2:$I$501,SAISIE!$D$2:$D$501,LISTES!$K$4)+SUMIFS(SAISIE!$J$2:$J$501,SAISIE!$D$2:$D$501,LISTES!$K$4)+SUMIFS(SAISIE!$K$2:$K$501,SAISIE!$D$2:$D$501,LISTES!$K$4)+SUMIFS(SAISIE!$L$2:$L$501,SAISIE!$D$2:$D$501,LISTES!$K$4)+SUMIFS(SAISIE!$M$2:$M$501,SAISIE!$D$2:$D$501,LISTES!$K$4)+SUMIFS(SAISIE!$N$2:$N$501,SAISIE!$D$2:$D$501,LISTES!$K$4)) | C5: =IFERROR(COUNTIFS(SAISIE!$D$2:$D$501,LISTES!$K$4),0) | D5: =IFERROR(SUMPRODUCT((SAISIE!$D$2:$D$501=LISTES!$K$4)*((SAISIE!$E$2:$E$501>0)+(SAISIE!$F$2:$F$501>0)+(SAISIE!$G$2:$G$501>0)+(SAISIE!$H$2:$H$501>0)+(SAISIE!$I$2:$I$501>0)+(SAISIE!$J$2:$J$501>0)+(SAISIE!$K$2:$K$501>0)+(SAISIE!$L$2:$L$501>0)+(SAISIE!$M$2:$M$501>0)+(SAISIE!$N$2:$N$501>0))),0) | E5: =IFERROR(SUMPRODUCT((SAISIE!$D$2:$D$501=LISTES!$K$4)/(COUNTIFS(SAISIE!$A$2:$A$501,SAISIE!$A$2:$A$501,SAISIE!$D$2:$D$501,LISTES!$K$4)+((SAISIE!$D$2:$D$501<>LISTES!$K$4)*1E9))),0)
A6: =LISTES!$K$5 | B6: =IF(LISTES!$K$5="",0,SUMIFS(SAISIE!$E$2:$E$501,SAISIE!$D$2:$D$501,LISTES!$K$5)+SUMIFS(SAISIE!$F$2:$F$501,SAISIE!$D$2:$D$501,LISTES!$K$5)+SUMIFS(SAISIE!$G$2:$G$501,SAISIE!$D$2:$D$501,LISTES!$K$5)+SUMIFS(SAISIE!$H$2:$H$501,SAISIE!$D$2:$D$501,LISTES!$K$5)+SUMIFS(SAISIE!$I$2:$I$501,SAISIE!$D$2:$D$501,LISTES!$K$5)+SUMIFS(SAISIE!$J$2:$J$501,SAISIE!$D$2:$D$501,LISTES!$K$5)+SUMIFS(SAISIE!$K$2:$K$501,SAISIE!$D$2:$D$501,LISTES!$K$5)+SUMIFS(SAISIE!$L$2:$L$501,SAISIE!$D$2:$D$501,LISTES!$K$5)+SUMIFS(SAISIE!$M$2:$M$501,SAISIE!$D$2:$D$501,LISTES!$K$5)+SUMIFS(SAISIE!$N$2:$N$501,SAISIE!$D$2:$D$501,LISTES!$K$5)) | C6: =IFERROR(COUNTIFS(SAISIE!$D$2:$D$501,LISTES!$K$5),0) | D6: =IFERROR(SUMPRODUCT((SAISIE!$D$2:$D$501=LISTES!$K$5)*((SAISIE!$E$2:$E$501>0)+(SAISIE!$F$2:$F$501>0)+(SAISIE!$G$2:$G$501>0)+(SAISIE!$H$2:$H$501>0)+(SAISIE!$I$2:$I$501>0)+(SAISIE!$J$2:$J$501>0)+(SAISIE!$K$2:$K$501>0)+(SAISIE!$L$2:$L$501>0)+(SAISIE!$M$2:$M$501>0)+(SAISIE!$N$2:$N$501>0))),0) | E6: =IFERROR(SUMPRODUCT((SAISIE!$D$2:$D$501=LISTES!$K$5)/(COUNTIFS(SAISIE!$A$2:$A$501,SAISIE!$A$2:$A$501,SAISIE!$D$2:$D$501,LISTES!$K$5)+((SAISIE!$D$2:$D$501<>LISTES!$K$5)*1E9))),0)
A7: =LISTES!$K$6 | B7: =IF(LISTES!$K$6="",0,SUMIFS(SAISIE!$E$2:$E$501,SAISIE!$D$2:$D$501,LISTES!$K$6)+SUMIFS(SAISIE!$F$2:$F$501,SAISIE!$D$2:$D$501,LISTES!$K$6)+SUMIFS(SAISIE!$G$2:$G$501,SAISIE!$D$2:$D$501,LISTES!$K$6)+SUMIFS(SAISIE!$H$2:$H$501,SAISIE!$D$2:$D$501,LISTES!$K$6)+SUMIFS(SAISIE!$I$2:$I$501,SAISIE!$D$2:$D$501,LISTES!$K$6)+SUMIFS(SAISIE!$J$2:$J$501,SAISIE!$D$2:$D$501,LISTES!$K$6)+SUMIFS(SAISIE!$K$2:$K$501,SAISIE!$D$2:$D$501,LISTES!$K$6)+SUMIFS(SAISIE!$L$2:$L$501,SAISIE!$D$2:$D$501,LISTES!$K$6)+SUMIFS(SAISIE!$M$2:$M$501,SAISIE!$D$2:$D$501,LISTES!$K$6)+SUMIFS(SAISIE!$N$2:$N$501,SAISIE!$D$2:$D$501,LISTES!$K$6)) | C7: =IFERROR(COUNTIFS(SAISIE!$D$2:$D$501,LISTES!$K$6),0) | D7: =IFERROR(SUMPRODUCT((SAISIE!$D$2:$D$501=LISTES!$K$6)*((SAISIE!$E$2:$E$501>0)+(SAISIE!$F$2:$F$501>0)+(SAISIE!$G$2:$G$501>0)+(SAISIE!$H$2:$H$501>0)+(SAISIE!$I$2:$I$501>0)+(SAISIE!$J$2:$J$501>0)+(SAISIE!$K$2:$K$501>0)+(SAISIE!$L$2:$L$501>0)+(SAISIE!$M$2:$M$501>0)+(SAISIE!$N$2:$N$501>0))),0) | E7: =IFERROR(SUMPRODUCT((SAISIE!$D$2:$D$501=LISTES!$K$6)/(COUNTIFS(SAISIE!$A$2:$A$501,SAISIE!$A$2:$A$501,SAISIE!$D$2:$D$501,LISTES!$K$6)+((SAISIE!$D$2:$D$501<>LISTES!$K$6)*1E9))),0)
A8: =LISTES!$K$7 | B8: =IF(LISTES!$K$7="",0,SUMIFS(SAISIE!$E$2:$E$501,SAISIE!$D$2:$D$501,LISTES!$K$7)+SUMIFS(SAISIE!$F$2:$F$501,SAISIE!$D$2:$D$501,LISTES!$K$7)+SUMIFS(SAISIE!$G$2:$G$501,SAISIE!$D$2:$D$501,LISTES!$K$7)+SUMIFS(SAISIE!$H$2:$H$501,SAISIE!$D$2:$D$501,LISTES!$K$7)+SUMIFS(SAISIE!$I$2:$I$501,SAISIE!$D$2:$D$501,LISTES!$K$7)+SUMIFS(SAISIE!$J$2:$J$501,SAISIE!$D$2:$D$501,LISTES!$K$7)+SUMIFS(SAISIE!$K$2:$K$501,SAISIE!$D$2:$D$501,LISTES!$K$7)+SUMIFS(SAISIE!$L$2:$L$501,SAISIE!$D$2:$D$501,LISTES!$K$7)+SUMIFS(SAISIE!$M$2:$M$501,SAISIE!$D$2:$D$501,LISTES!$K$7)+SUMIFS(SAISIE!$N$2:$N$501,SAISIE!$D$2:$D$501,LISTES!$K$7)) | C8: =IFERROR(COUNTIFS(SAISIE!$D$2:$D$501,LISTES!$K$7),0) | D8: =IFERROR(SUMPRODUCT((SAISIE!$D$2:$D$501=LISTES!$K$7)*((SAISIE!$E$2:$E$501>0)+(SAISIE!$F$2:$F$501>0)+(SAISIE!$G$2:$G$501>0)+(SAISIE!$H$2:$H$501>0)+(SAISIE!$I$2:$I$501>0)+(SAISIE!$J$2:$J$501>0)+(SAISIE!$K$2:$K$501>0)+(SAISIE!$L$2:$L$501>0)+(SAISIE!$M$2:$M$501>0)+(SAISIE!$N$2:$N$501>0))),0) | E8: =IFERROR(SUMPRODUCT((SAISIE!$D$2:$D$501=LISTES!$K$7)/(COUNTIFS(SAISIE!$A$2:$A$501,SAISIE!$A$2:$A$501,SAISIE!$D$2:$D$501,LISTES!$K$7)+((SAISIE!$D$2:$D$501<>LISTES!$K$7)*1E9))),0)
A9: =LISTES!$K$8 | B9: =IF(LISTES!$K$8="",0,SUMIFS(SAISIE!$E$2:$E$501,SAISIE!$D$2:$D$501,LISTES!$K$8)+SUMIFS(SAISIE!$F$2:$F$501,SAISIE!$D$2:$D$501,LISTES!$K$8)+SUMIFS(SAISIE!$G$2:$G$501,SAISIE!$D$2:$D$501,LISTES!$K$8)+SUMIFS(SAISIE!$H$2:$H$501,SAISIE!$D$2:$D$501,LISTES!$K$8)+SUMIFS(SAISIE!$I$2:$I$501,SAISIE!$D$2:$D$501,LISTES!$K$8)+SUMIFS(SAISIE!$J$2:$J$501,SAISIE!$D$2:$D$501,LISTES!$K$8)+SUMIFS(SAISIE!$K$2:$K$501,SAISIE!$D$2:$D$501,LISTES!$K$8)+SUMIFS(SAISIE!$L$2:$L$501,SAISIE!$D$2:$D$501,LISTES!$K$8)+SUMIFS(SAISIE!$M$2:$M$501,SAISIE!$D$2:$D$501,LISTES!$K$8)+SUMIFS(SAISIE!$N$2:$N$501,SAISIE!$D$2:$D$501,LISTES!$K$8)) | C9: =IFERROR(COUNTIFS(SAISIE!$D$2:$D$501,LISTES!$K$8),0) | D9: =IFERROR(SUMPRODUCT((SAISIE!$D$2:$D$501=LISTES!$K$8)*((SAISIE!$E$2:$E$501>0)+(SAISIE!$F$2:$F$501>0)+(SAISIE!$G$2:$G$501>0)+(SAISIE!$H$2:$H$501>0)+(SAISIE!$I$2:$I$501>0)+(SAISIE!$J$2:$J$501>0)+(SAISIE!$K$2:$K$501>0)+(SAISIE!$L$2:$L$501>0)+(SAISIE!$M$2:$M$501>0)+(SAISIE!$N$2:$N$501>0))),0) | E9: =IFERROR(SUMPRODUCT((SAISIE!$D$2:$D$501=LISTES!$K$8)/(COUNTIFS(SAISIE!$A$2:$A$501,SAISIE!$A$2:$A$501,SAISIE!$D$2:$D$501,LISTES!$K$8)+((SAISIE!$D$2:$D$501<>LISTES!$K$8)*1E9))),0)
A10: =LISTES!$K$9 | B10: =IF(LISTES!$K$9="",0,SUMIFS(SAISIE!$E$2:$E$501,SAISIE!$D$2:$D$501,LISTES!$K$9)+SUMIFS(SAISIE!$F$2:$F$501,SAISIE!$D$2:$D$501,LISTES!$K$9)+SUMIFS(SAISIE!$G$2:$G$501,SAISIE!$D$2:$D$501,LISTES!$K$9)+SUMIFS(SAISIE!$H$2:$H$501,SAISIE!$D$2:$D$501,LISTES!$K$9)+SUMIFS(SAISIE!$I$2:$I$501,SAISIE!$D$2:$D$501,LISTES!$K$9)+SUMIFS(SAISIE!$J$2:$J$501,SAISIE!$D$2:$D$501,LISTES!$K$9)+SUMIFS(SAISIE!$K$2:$K$501,SAISIE!$D$2:$D$501,LISTES!$K$9)+SUMIFS(SAISIE!$L$2:$L$501,SAISIE!$D$2:$D$501,LISTES!$K$9)+SUMIFS(SAISIE!$M$2:$M$501,SAISIE!$D$2:$D$501,LISTES!$K$9)+SUMIFS(SAISIE!$N$2:$N$501,SAISIE!$D$2:$D$501,LISTES!$K$9)) | C10: =IFERROR(COUNTIFS(SAISIE!$D$2:$D$501,LISTES!$K$9),0) | D10: =IFERROR(SUMPRODUCT((SAISIE!$D$2:$D$501=LISTES!$K$9)*((SAISIE!$E$2:$E$501>0)+(SAISIE!$F$2:$F$501>0)+(SAISIE!$G$2:$G$501>0)+(SAISIE!$H$2:$H$501>0)+(SAISIE!$I$2:$I$501>0)+(SAISIE!$J$2:$J$501>0)+(SAISIE!$K$2:$K$501>0)+(SAISIE!$L$2:$L$501>0)+(SAISIE!$M$2:$M$501>0)+(SAISIE!$N$2:$N$501>0))),0) | E10: =IFERROR(SUMPRODUCT((SAISIE!$D$2:$D$501=LISTES!$K$9)/(COUNTIFS(SAISIE!$A$2:$A$501,SAISIE!$A$2:$A$501,SAISIE!$D$2:$D$501,LISTES!$K$9)+((SAISIE!$D$2:$D$501<>LISTES!$K$9)*1E9))),0)
A11: =LISTES!$K$10 | B11: =IF(LISTES!$K$10="",0,SUMIFS(SAISIE!$E$2:$E$501,SAISIE!$D$2:$D$501,LISTES!$K$10)+SUMIFS(SAISIE!$F$2:$F$501,SAISIE!$D$2:$D$501,LISTES!$K$10)+SUMIFS(SAISIE!$G$2:$G$501,SAISIE!$D$2:$D$501,LISTES!$K$10)+SUMIFS(SAISIE!$H$2:$H$501,SAISIE!$D$2:$D$501,LISTES!$K$10)+SUMIFS(SAISIE!$I$2:$I$501,SAISIE!$D$2:$D$501,LISTES!$K$10)+SUMIFS(SAISIE!$J$2:$J$501,SAISIE!$D$2:$D$501,LISTES!$K$10)+SUMIFS(SAISIE!$K$2:$K$501,SAISIE!$D$2:$D$501,LISTES!$K$10)+SUMIFS(SAISIE!$L$2:$L$501,SAISIE!$D$2:$D$501,LISTES!$K$10)+SUMIFS(SAISIE!$M$2:$M$501,SAISIE!$D$2:$D$501,LISTES!$K$10)+SUMIFS(SAISIE!$N$2:$N$501,SAISIE!$D$2:$D$501,LISTES!$K$10)) | C11: =IFERROR(COUNTIFS(SAISIE!$D$2:$D$501,LISTES!$K$10),0) | D11: =IFERROR(SUMPRODUCT((SAISIE!$D$2:$D$501=LISTES!$K$10)*((SAISIE!$E$2:$E$501>0)+(SAISIE!$F$2:$F$501>0)+(SAISIE!$G$2:$G$501>0)+(SAISIE!$H$2:$H$501>0)+(SAISIE!$I$2:$I$501>0)+(SAISIE!$J$2:$J$501>0)+(SAISIE!$K$2:$K$501>0)+(SAISIE!$L$2:$L$501>0)+(SAISIE!$M$2:$M$501>0)+(SAISIE!$N$2:$N$501>0))),0) | E11: =IFERROR(SUMPRODUCT((SAISIE!$D$2:$D$501=LISTES!$K$10)/(COUNTIFS(SAISIE!$A$2:$A$501,SAISIE!$A$2:$A$501,SAISIE!$D$2:$D$501,LISTES!$K$10)+((SAISIE!$D$2:$D$501<>LISTES!$K$10)*1E9))),0)
A12: =LISTES!$K$11 | B12: =IF(LISTES!$K$11="",0,SUMIFS(SAISIE!$E$2:$E$501,SAISIE!$D$2:$D$501,LISTES!$K$11)+SUMIFS(SAISIE!$F$2:$F$501,SAISIE!$D$2:$D$501,LISTES!$K$11)+SUMIFS(SAISIE!$G$2:$G$501,SAISIE!$D$2:$D$501,LISTES!$K$11)+SUMIFS(SAISIE!$H$2:$H$501,SAISIE!$D$2:$D$501,LISTES!$K$11)+SUMIFS(SAISIE!$I$2:$I$501,SAISIE!$D$2:$D$501,LISTES!$K$11)+SUMIFS(SAISIE!$J$2:$J$501,SAISIE!$D$2:$D$501,LISTES!$K$11)+SUMIFS(SAISIE!$K$2:$K$501,SAISIE!$D$2:$D$501,LISTES!$K$11)+SUMIFS(SAISIE!$L$2:$L$501,SAISIE!$D$2:$D$501,LISTES!$K$11)+SUMIFS(SAISIE!$M$2:$M$501,SAISIE!$D$2:$D$501,LISTES!$K$11)+SUMIFS(SAISIE!$N$2:$N$501,SAISIE!$D$2:$D$501,LISTES!$K$11)) | C12: =IFERROR(COUNTIFS(SAISIE!$D$2:$D$501,LISTES!$K$11),0) | D12: =IFERROR(SUMPRODUCT((SAISIE!$D$2:$D$501=LISTES!$K$11)*((SAISIE!$E$2:$E$501>0)+(SAISIE!$F$2:$F$501>0)+(SAISIE!$G$2:$G$501>0)+(SAISIE!$H$2:$H$501>0)+(SAISIE!$I$2:$I$501>0)+(SAISIE!$J$2:$J$501>0)+(SAISIE!$K$2:$K$501>0)+(SAISIE!$L$2:$L$501>0)+(SAISIE!$M$2:$M$501>0)+(SAISIE!$N$2:$N$501>0))),0) | E12: =IFERROR(SUMPRODUCT((SAISIE!$D$2:$D$501=LISTES!$K$11)/(COUNTIFS(SAISIE!$A$2:$A$501,SAISIE!$A$2:$A$501,SAISIE!$D$2:$D$501,LISTES!$K$11)+((SAISIE!$D$2:$D$501<>LISTES!$K$11)*1E9))),0)
A13: TOTAL | B13: =SUM(B3:B12) | C13: =SUM(C3:C12) | D13: =SUM(D3:D12) | E13: =SUM(E3:E12)

Sheet EQUIPE
A1: Intervenant | B1: =LISTES!$E$2 | C1: =LISTES!$E$3 | D1: =LISTES!$E$4 | E1: =LISTES!$E$5 | F1: =LISTES!$E$6 | G1: =LISTES!$E$7 | H1: =LISTES!$E$8 | I1: =LISTES!$E$9 | J1: =LISTES!$E$10 | K1: =LISTES!$E$11 | L1: =LISTES!$G$2 | M1: =LISTES!$G$3 | N1: =LISTES!$G$4 | O1: =LISTES!$G$5 | P1: =LISTES!$G$6 | Q1: =LISTES!$G$7 | R1: =LISTES!$G$8 | S1: =LISTES!$G$9 | T1: =LISTES!$G$10 | U1: =LISTES!$G$11 | V1: =LISTES!$I$2 | W1: =LISTES!$I$3 | X1: =LISTES!$I$4 | Y1: =LISTES!$I$5 | Z1: =LISTES!$I$6 | AA1: =LISTES!$I$7 | AB1: =LISTES!$I$8 | AC1: =LISTES!$I$9 | AD1: =LISTES!$I$10 | AE1: =LISTES!$I$11
A2: =LISTES!$A$2 | B2: =IF(LISTES!$E$2="",0,SUMIFS(SAISIE!$E$2:$E$501,SAISIE!$C$2:$C$501,LISTES!$E$2)) | C2: =IF(LISTES!$E$3="",0,SUMIFS(SAISIE!$E$2:$E$501,SAISIE!$C$2:$C$501,LISTES!$E$3)) | D2: =IF(LISTES!$E$4="",0,SUMIFS(SAISIE!$E$2:$E$501,SAISIE!$C$2:$C$501,LISTES!$E$4)) | E2: =IF(LISTES!$E$5="",0,SUMIFS(SAISIE!$E$2:$E$501,SAISIE!$C$2:$C$501,LISTES!$E$5)) | F2: =IF(LISTES!$E$6="",0,SUMIFS(SAISIE!$E$2:$E$501,SAISIE!$C$2:$C$501,LISTES!$E$6)) | G2: =IF(LISTES!$E$7="",0,SUMIFS(SAISIE!$E$2:$E$501,SAISIE!$C$2:$C$501,LISTES!$E$7)) | H2: =IF(LISTES!$E$8="",0,SUMIFS(SAISIE!$E$2:$E$501,SAISIE!$C$2:$C$501,LISTES!$E$8)) | I2: =IF(LISTES!$E$9="",0,SUMIFS(SAISIE!$E$2:$E$501,SAISIE!$C$2:$C$501,LISTES!$E$9)) | J2: =IF(LISTES!$E$10="",0,SUMIFS(SAISIE!$E$2:$E$501,SAISIE!$C$2:$C$501,LISTES!$E$10)) | K2: =IF(LISTES!$E$11="",0,SUMIFS(SAISIE!$E$2:$E$501,SAISIE!$C$2:$C$501,LISTES!$E$11)) | L2: =IF(LISTES!$G$2="",0,SUMIFS(SAISIE!$E$2:$E$501,SAISIE!$C$2:$C$501,LISTES!$G$2)) | M2: =IF(LISTES!$G$3="",0,SUMIFS(SAISIE!$E$2:$E$501,SAISIE!$C$2:$C$501,LISTES!$G$3)) | N2: =IF(LISTES!$G$4="",0,SUMIFS(SAISIE!$E$2:$E$501,SAISIE!$C$2:$C$501,LISTES!$G$4)) | O2: =IF(LISTES!$G$5="",0,SUMIFS(SAISIE!$E$2:$E$501,SAISIE!$C$2:$C$501,LISTES!$G$5)) | P2: =IF(LISTES!$G$6="",0,SUMIFS(SAISIE!$E$2:$E$501,SAISIE!$C$2:$C$501,LISTES!$G$6)) | Q2: =IF(LISTES!$G$7="",0,SUMIFS(SAISIE!$E$2:$E$501,SAISIE!$C$2:$C$501,LISTES!$G$7)) | R2: =IF(LISTES!$G$8="",0,SUMIFS(SAISIE!$E$2:$E$501,SAISIE!$C$2:$C$501,LISTES!$G$8)) | S2: =IF(LISTES!$G$9="",0,SUMIFS(SAISIE!$E$2:$E$501,SAISIE!$C$2:$C$501,LISTES!$G$9)) | T2: =IF(LISTES!$G$10="",0,SUMIFS(SAISIE!$E$2:$E$501,SAISIE!$C$2:$C$501,LISTES!$G$10)) | U2: =IF(LISTES!$G$11="",0,SUMIFS(SAISIE!$E$2:$E$501,SAISIE!$C$2:$C$501,LISTES!$G$11)) | V2: =IF(LISTES!$I$2="",0,SUMIFS(SAISIE!$E$2:$E$501,SAISIE!$C$2:$C$501,LISTES!$I$2)) | W2: =IF(LISTES!$I$3="",0,SUMIFS(SAISIE!$E$2:$E$501,SAISIE!$C$2:$C$501,LISTES!$I$3)) | X2: =IF(LISTES!$I$4="",0,SUMIFS(SAISIE!$E$2:$E$501,SAISIE!$C$2:$C$501,LISTES!$I$4)) | Y2: =IF(LISTES!$I$5="",0,SUMIFS(SAISIE!$E$2:$E$501,SAISIE!$C$2:$C$501,LISTES!$I$5)) | Z2: =IF(LISTES!$I$6="",0,SUMIFS(SAISIE!$E$2:$E$501,SAISIE!$C$2:$C$501,LISTES!$I$6)) | AA2: =IF(LISTES!$I$7="",0,SUMIFS(SAISIE!$E$2:$E$501,SAISIE!$C$2:$C$501,LISTES!$I$7)) | AB2: =IF(LISTES!$I$8="",0,SUMIFS(SAISIE!$E$2:$E$501,SAISIE!$C$2:$C$501,LISTES!$I$8)) | AC2: =IF(LISTES!$I$9="",0,SUMIFS(SAISIE!$E$2:$E$501,SAISIE!$C$2:$C$501,LISTES!$I$9)) | AD2: =IF(LISTES!$I$10="",0,SUMIFS(SAISIE!$E$2:$E$501,SAISIE!$C$2:$C$501,LISTES!$I$10)) | AE2: =IF(LISTES!$I$11="",0,SUMIFS(SAISIE!$E$2:$E$501,SAISIE!$C$2:$C$501,LISTES!$I$11))
A3: =LISTES!$A$3 | B3: =IF(LISTES!$E$2="",0,SUMIFS(SAISIE!$F$2:$F$501,SAISIE!$C$2:$C$501,LISTES!$E$2)) | C3: =IF(LISTES!$E$3="",0,SUMIFS(SAISIE!$F$2:$F$501,SAISIE!$C$2:$C$501,LISTES!$E$3)) | D3: =IF(LISTES!$E$4="",0,SUMIFS(SAISIE!$F$2:$F$501,SAISIE!$C$2:$C$501,LISTES!$E$4)) | E3: =IF(LISTES!$E$5="",0,SUMIFS(SAISIE!$F$2:$F$501,SAISIE!$C$2:$C$501,LISTES!$E$5)) | F3: =IF(LISTES!$E$6="",0,SUMIFS(SAISIE!$F$2:$F$501,SAISIE!$C$2:$C$501,LISTES!$E$6)) | G3: =IF(LISTES!$E$7="",0,SUMIFS(SAISIE!$F$2:$F$501,SAISIE!$C$2:$C$501,LISTES!$E$7)) | H3: =IF(LISTES!$E$8="",0,SUMIFS(SAISIE!$F$2:$F$501,SAISIE!$C$2:$C$501,LISTES!$E$8)) | I3: =IF(LISTES!$E$9="",0,SUMIFS(SAISIE!$F$2:$F$501,SAISIE!$C$2:$C$501,LISTES!$E$9)) | J3: =IF(LISTES!$E$10="",0,SUMIFS(SAISIE!$F$2:$F$501,SAISIE!$C$2:$C$501,LISTES!$E$10)) | K3: =IF(LISTES!$E$11="",0,SUMIFS(SAISIE!$F$2:$F$501,SAISIE!$C$2:$C$501,LISTES!$E$11)) | L3: =IF(LISTES!$G$2="",0,SUMIFS(SAISIE!$F$2:$F$501,SAISIE!$C$2:$C$501,LISTES!$G$2)) | M3: =IF(LISTES!$G$3="",0,SUMIFS(SAISIE!$F$2:$F$501,SAISIE!$C$2:$C$501,LISTES!$G$3)) | N3: =IF(LISTES!$G$4="",0,SUMIFS(SAISIE!$F$2:$F$501,SAISIE!$C$2:$C$501,LISTES!$G$4)) | O3: =IF(LISTES!$G$5="",0,SUMIFS(SAISIE!$F$2:$F$501,SAISIE!$C$2:$C$501,LISTES!$G$5)) | P3: =IF(LISTES!$G$6="",0,SUMIFS(SAISIE!$F$2:$F$501,SAISIE!$C$2:$C$501,LISTES!$G$6)) | Q3: =IF(LISTES!$G$7="",0,SUMIFS(SAISIE!$F$2:$F$501,SAISIE!$C$2:$C$501,LISTES!$G$7)) | R3: =IF(LISTES!$G$8="",0,SUMIFS(SAISIE!$F$2:$F$501,SAISIE!$C$2:$C$501,LISTES!$G$8)) | S3: =IF(LISTES!$G$9="",0,SUMIFS(SAISIE!$F$2:$F$501,SAISIE!$C$2:$C$501,LISTES!$G$9)) | T3: =IF(LISTES!$G$10="",0,SUMIFS(SAISIE!$F$2:$F$501,SAISIE!$C$2:$C$501,LISTES!$G$10)) | U3: =IF(LISTES!$G$11="",0,SUMIFS(SAISIE!$F$2:$F$501,SAISIE!$C$2:$C$501,LISTES!$G$11)) | V3: =IF(LISTES!$I$2="",0,SUMIFS(SAISIE!$F$2:$F$501,SAISIE!$C$2:$C$501,LISTES!$I$2)) | W3: =IF(LISTES!$I$3="",0,SUMIFS(SAISIE!$F$2:$F$501,SAISIE!$C$2:$C$501,LISTES!$I$3)) | X3: =IF(LISTES!$I$4="",0,SUMIFS(SAISIE!$F$2:$F$501,SAISIE!$C$2:$C$501,LISTES!$I$4)) | Y3: =IF(LISTES!$I$5="",0,SUMIFS(SAISIE!$F$2:$F$501,SAISIE!$C$2:$C$501,LISTES!$I$5)) | Z3: =IF(LISTES!$I$6="",0,SUMIFS(SAISIE!$F$2:$F$501,SAISIE!$C$2:$C$501,LISTES!$I$6)) | AA3: =IF(LISTES!$I$7="",0,SUMIFS(SAISIE!$F$2:$F$501,SAISIE!$C$2:$C$501,LISTES!$I$7)) | AB3: =IF(LISTES!$I$8="",0,SUMIFS(SAISIE!$F$2:$F$501,SAISIE!$C$2:$C$501,LISTES!$I$8)) | AC3: =IF(LISTES!$I$9="",0,SUMIFS(SAISIE!$F$2:$F$501,SAISIE!$C$2:$C$501,LISTES!$I$9)) | AD3: =IF(LISTES!$I$10="",0,SUMIFS(SAISIE!$F$2:$F$501,SAISIE!$C$2:$C$501,LISTES!$I$10)) | AE3: =IF(LISTES!$I$11="",0,SUMIFS(SAISIE!$F$2:$F$501,SAISIE!$C$2:$C$501,LISTES!$I$11))
A4: =LISTES!$A$4 | B4: =IF(LISTES!$E$2="",0,SUMIFS(SAISIE!$G$2:$G$501,SAISIE!$C$2:$C$501,LISTES!$E$2)) | C4: =IF(LISTES!$E$3="",0,SUMIFS(SAISIE!$G$2:$G$501,SAISIE!$C$2:$C$501,LISTES!$E$3)) | D4: =IF(LISTES!$E$4="",0,SUMIFS(SAISIE!$G$2:$G$501,SAISIE!$C$2:$C$501,LISTES!$E$4)) | E4: =IF(LISTES!$E$5="",0,SUMIFS(SAISIE!$G$2:$G$501,SAISIE!$C$2:$C$501,LISTES!$E$5)) | F4: =IF(LISTES!$E$6="",0,SUMIFS(SAISIE!$G$2:$G$501,SAISIE!$C$2:$C$501,LISTES!$E$6)) | G4: =IF(LISTES!$E$7="",0,SUMIFS(SAISIE!$G$2:$G$501,SAISIE!$C$2:$C$501,LISTES!$E$7)) | H4: =IF(LISTES!$E$8="",0,SUMIFS(SAISIE!$G$2:$G$501,SAISIE!$C$2:$C$501,LISTES!$E$8)) | I4: =IF(LISTES!$E$9="",0,SUMIFS(SAISIE!$G$2:$G$501,SAISIE!$C$2:$C$501,LISTES!$E$9)) | J4: =IF(LISTES!$E$10="",0,SUMIFS(SAISIE!$G$2:$G$501,SAISIE!$C$2:$C$501,LISTES!$E$10)) | K4: =IF(LISTES!$E$11="",0,SUMIFS(SAISIE!$G$2:$G$501,SAISIE!$C$2:$C$501,LISTES!$E$11)) | L4: =IF(LISTES!$G$2="",0,SUMIFS(SAISIE!$G$2:$G$501,SAISIE!$C$2:$C$501,LISTES!$G$2)) | M4: =IF(LISTES!$G$3="",0,SUMIFS(SAISIE!$G$2:$G$501,SAISIE!$C$2:$C$501,LISTES!$G$3)) | N4: =IF(LISTES!$G$4="",0,SUMIFS(SAISIE!$G$2:$G$501,SAISIE!$C$2:$C$501,LISTES!$G$4)) | O4: =IF(LISTES!$G$5="",0,SUMIFS(SAISIE!$G$2:$G$501,SAISIE!$C$2:$C$501,LISTES!$G$5)) | P4: =IF(LISTES!$G$6="",0,SUMIFS(SAISIE!$G$2:$G$501,SAISIE!$C$2:$C$501,LISTES!$G$6)) | Q4: =IF(LISTES!$G$7="",0,SUMIFS(SAISIE!$G$2:$G$501,SAISIE!$C$2:$C$501,LISTES!$G$7)) | R4: =IF(LISTES!$G$8="",0,SUMIFS(SAISIE!$G$2:$G$501,SAISIE!$C$2:$C$501,LISTES!$G$8)) | S4: =IF(LISTES!$G$9="",0,SUMIFS(SAISIE!$G$2:$G$501,SAISIE!$C$2:$C$501,LISTES!$G$9)) | T4: =IF(LISTES!$G$10="",0,SUMIFS(SAISIE!$G$2:$G$501,SAISIE!$C$2:$C$501,LISTES!$G$10)) | U4: =IF(LISTES!$G$11="",0,SUMIFS(SAISIE!$G$2:$G$501,SAISIE!$C$2:$C$501,LISTES!$G$11)) | V4: =IF(LISTES!$I$2="",0,SUMIFS(SAISIE!$G$2:$G$501,SAISIE!$C$2:$C$501,LISTES!$I$2)) | W4: =IF(LISTES!$I$3="",0,SUMIFS(SAISIE!$G$2:$G$501,SAISIE!$C$2:$C$501,LISTES!$I$3)) | X4: =IF(LISTES!$I$4="",0,SUMIFS(SAISIE!$G$2:$G$501,SAISIE!$C$2:$C$501,LISTES!$I$4)) | Y4: =IF(LISTES!$I$5="",0,SUMIFS(SAISIE!$G$2:$G$501,SAISIE!$C$2:$C$501,LISTES!$I$5)) | Z4: =IF(LISTES!$I$6="",0,SUMIFS(SAISIE!$G$2:$G$501,SAISIE!$C$2:$C$501,LISTES!$I$6)) | AA4: =IF(LISTES!$I$7="",0,SUMIFS(SAISIE!$G$2:$G$501,SAISIE!$C$2:$C$501,LISTES!$I$7)) | AB4: =IF(LISTES!$I$8="",0,SUMIFS(SAISIE!$G$2:$G$501,SAISIE!$C$2:$C$501,LISTES!$I$8)) | AC4: =IF(LISTES!$I$9="",0,SUMIFS(SAISIE!$G$2:$G$501,SAISIE!$C$2:$C$501,LISTES!$I$9)) | AD4: =IF(LISTES!$I$10="",0,SUMIFS(SAISIE!$G$2:$G$501,SAISIE!$C$2:$C$501,LISTES!$I$10)) | AE4: =IF(LISTES!$I$11="",0,SUMIFS(SAISIE!$G$2:$G$501,SAISIE!$C$2:$C$501,LISTES!$I$11))
A5: =LISTES!$A$5 | B5: =IF(LISTES!$E$2="",0,SUMIFS(SAISIE!$H$2:$H$501,SAISIE!$C$2:$C$501,LISTES!$E$2)) | C5: =IF(LISTES!$E$3="",0,SUMIFS(SAISIE!$H$2:$H$501,SAISIE!$C$2:$C$501,LISTES!$E$3)) | D5: =IF(LISTES!$E$4="",0,SUMIFS(SAISIE!$H$2:$H$501,SAISIE!$C$2:$C$501,LISTES!$E$4)) | E5: =IF(LISTES!$E$5="",0,SUMIFS(SAISIE!$H$2:$H$501,SAISIE!$C$2:$C$501,LISTES!$E$5)) | F5: =IF(LISTES!$E$6="",0,SUMIFS(SAISIE!$H$2:$H$501,SAISIE!$C$2:$C$501,LISTES!$E$6)) | G5: =IF(LISTES!$E$7="",0,SUMIFS(SAISIE!$H$2:$H$501,SAISIE!$C$2:$C$501,LISTES!$E$7)) | H5: =IF(LISTES!$E$8="",0,SUMIFS(SAISIE!$H$2:$H$501,SAISIE!$C$2:$C$501,LISTES!$E$8)) | I5: =IF(LISTES!$E$9="",0,SUMIFS(SAISIE!$H$2:$H$501,SAISIE!$C$2:$C$501,LISTES!$E$9)) | J5: =IF(LISTES!$E$10="",0,SUMIFS(SAISIE!$H$2:$H$501,SAISIE!$C$2:$C$501,LISTES!$E$10)) | K5: =IF(LISTES!$E$11="",0,SUMIFS(SAISIE!$H$2:$H$501,SAISIE!$C$2:$C$501,LISTES!$E$11)) | L5: =IF(LISTES!$G$2="",0,SUMIFS(SAISIE!$H$2:$H$501,SAISIE!$C$2:$C$501,LISTES!$G$2)) | M5: =IF(LISTES!$G$3="",0,SUMIFS(SAISIE!$H$2:$H$501,SAISIE!$C$2:$C$501,LISTES!$G$3)) | N5: =IF(LISTES!$G$4="",0,SUMIFS(SAISIE!$H$2:$H$501,SAISIE!$C$2:$C$501,LISTES!$G$4)) | O5: =IF(LISTES!$G$5="",0,SUMIFS(SAISIE!$H$2:$H$501,SAISIE!$C$2:$C$501,LISTES!$G$5)) | P5: =IF(LISTES!$G$6="",0,SUMIFS(SAISIE!$H$2:$H$501,SAISIE!$C$2:$C$501,LISTES!$G$6)) | Q5: =IF(LISTES!$G$7="",0,SUMIFS(SAISIE!$H$2:$H$501,SAISIE!$C$2:$C$501,LISTES!$G$7)) | R5: =IF(LISTES!$G$8="",0,SUMIFS(SAISIE!$H$2:$H$501,SAISIE!$C$2:$C$501,LISTES!$G$8)) | S5: =IF(LISTES!$G$9="",0,SUMIFS(SAISIE!$H$2:$H$501,SAISIE!$C$2:$C$501,LISTES!$G$9)) | T5: =IF(LISTES!$G$10="",0,SUMIFS(SAISIE!$H$2:$H$501,SAISIE!$C$2:$C$501,LISTES!$G$10)) | U5: =IF(LISTES!$G$11="",0,SUMIFS(SAISIE!$H$2:$H$501,SAISIE!$C$2:$C$501,LISTES!$G$11)) | V5: =IF(LISTES!$I$2="",0,SUMIFS(SAISIE!$H$2:$H$501,SAISIE!$C$2:$C$501,LISTES!$I$2)) | W5: =IF(LISTES!$I$3="",0,SUMIFS(SAISIE!$H$2:$H$501,SAISIE!$C$2:$C$501,LISTES!$I$3)) | X5: =IF(LISTES!$I$4="",0,SUMIFS(SAISIE!$H$2:$H$501,SAISIE!$C$2:$C$501,LISTES!$I$4)) | Y5: =IF(LISTES!$I$5="",0,SUMIFS(SAISIE!$H$2:$H$501,SAISIE!$C$2:$C$501,LISTES!$I$5)) | Z5: =IF(LISTES!$I$6="",0,SUMIFS(SAISIE!$H$2:$H$501,SAISIE!$C$2:$C$501,LISTES!$I$6)) | AA5: =IF(LISTES!$I$7="",0,SUMIFS(SAISIE!$H$2:$H$501,SAISIE!$C$2:$C$501,LISTES!$I$7)) | AB5: =IF(LISTES!$I$8="",0,SUMIFS(SAISIE!$H$2:$H$501,SAISIE!$C$2:$C$501,LISTES!$I$8)) | AC5: =IF(LISTES!$I$9="",0,SUMIFS(SAISIE!$H$2:$H$501,SAISIE!$C$2:$C$501,LISTES!$I$9)) | AD5: =IF(LISTES!$I$10="",0,SUMIFS(SAISIE!$H$2:$H$501,SAISIE!$C$2:$C$501,LISTES!$I$10)) | AE5: =IF(LISTES!$I$11="",0,SUMIFS(SAISIE!$H$2:$H$501,SAISIE!$C$2:$C$501,LISTES!$I$11))
A6: =LISTES!$A$6 | B6: =IF(LISTES!$E$2="",0,SUMIFS(SAISIE!$I$2:$I$501,SAISIE!$C$2:$C$501,LISTES!$E$2)) | C6: =IF(LISTES!$E$3="",0,SUMIFS(SAISIE!$I$2:$I$501,SAISIE!$C$2:$C$501,LISTES!$E$3)) | D6: =IF(LISTES!$E$4="",0,SUMIFS(SAISIE!$I$2:$I$501,SAISIE!$C$2:$C$501,LISTES!$E$4)) | E6: =IF(LISTES!$E$5="",0,SUMIFS(SAISIE!$I$2:$I$501,SAISIE!$C$2:$C$501,LISTES!$E$5)) | F6: =IF(LISTES!$E$6="",0,SUMIFS(SAISIE!$I$2:$I$501,SAISIE!$C$2:$C$501,LISTES!$E$6)) | G6: =IF(LISTES!$E$7="",0,SUMIFS(SAISIE!$I$2:$I$501,SAISIE!$C$2:$C$501,LISTES!$E$7)) | H6: =IF(LISTES!$E$8="",0,SUMIFS(SAISIE!$I$2:$I$501,SAISIE!$C$2:$C$501,LISTES!$E$8)) | I6: =IF(LISTES!$E$9="",0,SUMIFS(SAISIE!$I$2:$I$501,SAISIE!$C$2:$C$501,LISTES!$E$9)) | J6: =IF(LISTES!$E$10="",0,SUMIFS(SAISIE!$I$2:$I$501,SAISIE!$C$2:$C$501,LISTES!$E$10)) | K6: =IF(LISTES!$E$11="",0,SUMIFS(SAISIE!$I$2:$I$501,SAISIE!$C$2:$C$501,LISTES!$E$11)) | L6: =IF(LISTES!$G$2="",0,SUMIFS(SAISIE!$I$2:$I$501,SAISIE!$C$2:$C$501,LISTES!$G$2)) | M6: =IF(LISTES!$G$3="",0,SUMIFS(SAISIE!$I$2:$I$501,SAISIE!$C$2:$C$501,LISTES!$G$3)) | N6: =IF(LISTES!$G$4="",0,SUMIFS(SAISIE!$I$2:$I$501,SAISIE!$C$2:$C$501,LISTES!$G$4)) | O6: =IF(LISTES!$G$5="",0,SUMIFS(SAISIE!$I$2:$I$501,SAISIE!$C$2:$C$501,LISTES!$G$5)) | P6: =IF(LISTES!$G$6="",0,SUMIFS(SAISIE!$I$2:$I$501,SAISIE!$C$2:$C$501,LISTES!$G$6)) | Q6: =IF(LISTES!$G$7="",0,SUMIFS(SAISIE!$I$2:$I$501,SAISIE!$C$2:$C$501,LISTES!$G$7)) | R6: =IF(LISTES!$G$8="",0,SUMIFS(SAISIE!$I$2:$I$501,SAISIE!$C$2:$C$501,LISTES!$G$8)) | S6: =IF(LISTES!$G$9="",0,SUMIFS(SAISIE!$I$2:$I$501,SAISIE!$C$2:$C$501,LISTES!$G$9)) | T6: =IF(LISTES!$G$10="",0,SUMIFS(SAISIE!$I$2:$I$501,SAISIE!$C$2:$C$501,LISTES!$G$10)) | U6: =IF(LISTES!$G$11="",0,SUMIFS(SAISIE!$I$2:$I$501,SAISIE!$C$2:$C$501,LISTES!$G$11)) | V6: =IF(LISTES!$I$2="",0,SUMIFS(SAISIE!$I$2:$I$501,SAISIE!$C$2:$C$501,LISTES!$I$2)) | W6: =IF(LISTES!$I$3="",0,SUMIFS(SAISIE!$I$2:$I$501,SAISIE!$C$2:$C$501,LISTES!$I$3)) | X6: =IF(LISTES!$I$4="",0,SUMIFS(SAISIE!$I$2:$I$501,SAISIE!$C$2:$C$501,LISTES!$I$4)) | Y6: =IF(LISTES!$I$5="",0,SUMIFS(SAISIE!$I$2:$I$501,SAISIE!$C$2:$C$501,LISTES!$I$5)) | Z6: =IF(LISTES!$I$6="",0,SUMIFS(SAISIE!$I$2:$I$501,SAISIE!$C$2:$C$501,LISTES!$I$6)) | AA6: =IF(LISTES!$I$7="",0,SUMIFS(SAISIE!$I$2:$I$501,SAISIE!$C$2:$C$501,LISTES!$I$7)) | AB6: =IF(LISTES!$I$8="",0,SUMIFS(SAISIE!$I$2:$I$501,SAISIE!$C$2:$C$501,LISTES!$I$8)) | AC6: =IF(LISTES!$I$9="",0,SUMIFS(SAISIE!$I$2:$I$501,SAISIE!$C$2:$C$501,LISTES!$I$9)) | AD6: =IF(LISTES!$I$10="",0,SUMIFS(SAISIE!$I$2:$I$501,SAISIE!$C$2:$C$501,LISTES!$I$10)) | AE6: =IF(LISTES!$I$11="",0,SUMIFS(SAISIE!$I$2:$I$501,SAISIE!$C$2:$C$501,LISTES!$I$11))
A7: =LISTES!$A$7 | B7: =IF(LISTES!$E$2="",0,SUMIFS(SAISIE!$J$2:$J$501,SAISIE!$C$2:$C$501,LISTES!$E$2)) | C7: =IF(LISTES!$E$3="",0,SUMIFS(SAISIE!$J$2:$J$501,SAISIE!$C$2:$C$501,LISTES!$E$3)) | D7: =IF(LISTES!$E$4="",0,SUMIFS(SAISIE!$J$2:$J$501,SAISIE!$C$2:$C$501,LISTES!$E$4)) | E7: =IF(LISTES!$E$5="",0,SUMIFS(SAISIE!$J$2:$J$501,SAISIE!$C$2:$C$501,LISTES!$E$5)) | F7: =IF(LISTES!$E$6="",0,SUMIFS(SAISIE!$J$2:$J$501,SAISIE!$C$2:$C$501,LISTES!$E$6)) | G7: =IF(LISTES!$E$7="",0,SUMIFS(SAISIE!$J$2:$J$501,SAISIE!$C$2:$C$501,LISTES!$E$7)) | H7: =IF(LISTES!$E$8="",0,SUMIFS(SAISIE!$J$2:$J$501,SAISIE!$C$2:$C$501,LISTES!$E$8)) | I7: =IF(LISTES!$E$9="",0,SUMIFS(SAISIE!$J$2:$J$501,SAISIE!$C$2:$C$501,LISTES!$E$9)) | J7: =IF(LISTES!$E$10="",0,SUMIFS(SAISIE!$J$2:$J$501,SAISIE!$C$2:$C$501,LISTES!$E$10)) | K7: =IF(LISTES!$E$11="",0,SUMIFS(SAISIE!$J$2:$J$501,SAISIE!$C$2:$C$501,LISTES!$E$11)) | L7: =IF(LISTES!$G$2="",0,SUMIFS(SAISIE!$J$2:$J$501,SAISIE!$C$2:$C$501,LISTES!$G$2)) | M7: =IF(LISTES!$G$3="",0,SUMIFS(SAISIE!$J$2:$J$501,SAISIE!$C$2:$C$501,LISTES!$G$3)) | N7: =IF(LISTES!$G$4="",0,SUMIFS(SAISIE!$J$2:$J$501,SAISIE!$C$2:$C$501,LISTES!$G$4)) | O7: =IF(LISTES!$G$5="",0,SUMIFS(SAISIE!$J$2:$J$501,SAISIE!$C$2:$C$501,LISTES!$G$5)) | P7: =IF(LISTES!$G$6="",0,SUMIFS(SAISIE!$J$2:$J$501,SAISIE!$C$2:$C$501,LISTES!$G$6)) | Q7: =IF(LISTES!$G$7="",0,SUMIFS(SAISIE!$J$2:$J$501,SAISIE!$C$2:$C$501,LISTES!$G$7)) | R7: =IF(LISTES!$G$8="",0,SUMIFS(SAISIE!$J$2:$J$501,SAISIE!$C$2:$C$501,LISTES!$G$8)) | S7: =IF(LISTES!$G$9="",0,SUMIFS(SAISIE!$J$2:$J$501,SAISIE!$C$2:$C$501,LISTES!$G$9)) | T7: =IF(LISTES!$G$10="",0,SUMIFS(SAISIE!$J$2:$J$501,SAISIE!$C$2:$C$501,LISTES!$G$10)) | U7: =IF(LISTES!$G$11="",0,SUMIFS(SAISIE!$J$2:$J$501,SAISIE!$C$2:$C$501,LISTES!$G$11)) | V7: =IF(LISTES!$I$2="",0,SUMIFS(SAISIE!$J$2:$J$501,SAISIE!$C$2:$C$501,LISTES!$I$2)) | W7: =IF(LISTES!$I$3="",0,SUMIFS(SAISIE!$J$2:$J$501,SAISIE!$C$2:$C$501,LISTES!$I$3)) | X7: =IF(LISTES!$I$4="",0,SUMIFS(SAISIE!$J$2:$J$501,SAISIE!$C$2:$C$501,LISTES!$I$4)) | Y7: =IF(LISTES!$I$5="",0,SUMIFS(SAISIE!$J$2:$J$501,SAISIE!$C$2:$C$501,LISTES!$I$5)) | Z7: =IF(LISTES!$I$6="",0,SUMIFS(SAISIE!$J$2:$J$501,SAISIE!$C$2:$C$501,LISTES!$I$6)) | AA7: =IF(LISTES!$I$7="",0,SUMIFS(SAISIE!$J$2:$J$501,SAISIE!$C$2:$C$501,LISTES!$I$7)) | AB7: =IF(LISTES!$I$8="",0,SUMIFS(SAISIE!$J$2:$J$501,SAISIE!$C$2:$C$501,LISTES!$I$8)) | AC7: =IF(LISTES!$I$9="",0,SUMIFS(SAISIE!$J$2:$J$501,SAISIE!$C$2:$C$501,LISTES!$I$9)) | AD7: =IF(LISTES!$I$10="",0,SUMIFS(SAISIE!$J$2:$J$501,SAISIE!$C$2:$C$501,LISTES!$I$10)) | AE7: =IF(LISTES!$I$11="",0,SUMIFS(SAISIE!$J$2:$J$501,SAISIE!$C$2:$C$501,LISTES!$I$11))
A8: =LISTES!$A$8 | B8: =IF(LISTES!$E$2="",0,SUMIFS(SAISIE!$K$2:$K$501,SAISIE!$C$2:$C$501,LISTES!$E$2)) | C8: =IF(LISTES!$E$3="",0,SUMIFS(SAISIE!$K$2:$K$501,SAISIE!$C$2:$C$501,LISTES!$E$3)) | D8: =IF(LISTES!$E$4="",0,SUMIFS(SAISIE!$K$2:$K$501,SAISIE!$C$2:$C$501,LISTES!$E$4)) | E8: =IF(LISTES!$E$5="",0,SUMIFS(SAISIE!$K$2:$K$501,SAISIE!$C$2:$C$501,LISTES!$E$5)) | F8: =IF(LISTES!$E$6="",0,SUMIFS(SAISIE!$K$2:$K$501,SAISIE!$C$2:$C$501,LISTES!$E$6)) | G8: =IF(LISTES!$E$7="",0,SUMIFS(SAISIE!$K$2:$K$501,SAISIE!$C$2:$C$501,LISTES!$E$7)) | H8: =IF(LISTES!$E$8="",0,SUMIFS(SAISIE!$K$2:$K$501,SAISIE!$C$2:$C$501,LISTES!$E$8)) | I8: =IF(LISTES!$E$9="",0,SUMIFS(SAISIE!$K$2:$K$501,SAISIE!$C$2:$C$501,LISTES!$E$9)) | J8: =IF(LISTES!$E$10="",0,SUMIFS(SAISIE!$K$2:$K$501,SAISIE!$C$2:$C$501,LISTES!$E$10)) | K8: =IF(LISTES!$E$11="",0,SUMIFS(SAISIE!$K$2:$K$501,SAISIE!$C$2:$C$501,LISTES!$E$11)) | L8: =IF(LISTES!$G$2="",0,SUMIFS(SAISIE!$K$2:$K$501,SAISIE!$C$2:$C$501,LISTES!$G$2)) | M8: =IF(LISTES!$G$3="",0,SUMIFS(SAISIE!$K$2:$K$501,SAISIE!$C$2:$C$501,LISTES!$G$3)) | N8: =IF(LISTES!$G$4="",0,SUMIFS(SAISIE!$K$2:$K$501,SAISIE!$C$2:$C$501,LISTES!$G$4)) | O8: =IF(LISTES!$G$5="",0,SUMIFS(SAISIE!$K$2:$K$501,SAISIE!$C$2:$C$501,LISTES!$G$5)) | P8: =IF(LISTES!$G$6="",0,SUMIFS(SAISIE!$K$2:$K$501,SAISIE!$C$2:$C$501,LISTES!$G$6)) | Q8: =IF(LISTES!$G$7="",0,SUMIFS(SAISIE!$K$2:$K$501,SAISIE!$C$2:$C$501,LISTES!$G$7)) | R8: =IF(LISTES!$G$8="",0,SUMIFS(SAISIE!$K$2:$K$501,SAISIE!$C$2:$C$501,LISTES!$G$8)) | S8: =IF(LISTES!$G$9="",0,SUMIFS(SAISIE!$K$2:$K$501,SAISIE!$C$2:$C$501,LISTES!$G$9)) | T8: =IF(LISTES!$G$10="",0,SUMIFS(SAISIE!$K$2:$K$501,SAISIE!$C$2:$C$501,LISTES!$G$10)) | U8: =IF(LISTES!$G$11="",0,SUMIFS(SAISIE!$K$2:$K$501,SAISIE!$C$2:$C$501,LISTES!$G$11)) | V8: =IF(LISTES!$I$2="",0,SUMIFS(SAISIE!$K$2:$K$501,SAISIE!$C$2:$C$501,LISTES!$I$2)) | W8: =IF(LISTES!$I$3="",0,SUMIFS(SAISIE!$K$2:$K$501,SAISIE!$C$2:$C$501,LISTES!$I$3)) | X8: =IF(LISTES!$I$4="",0,SUMIFS(SAISIE!$K$2:$K$501,SAISIE!$C$2:$C$501,LISTES!$I$4)) | Y8: =IF(LISTES!$I$5="",0,SUMIFS(SAISIE!$K$2:$K$501,SAISIE!$C$2:$C$501,LISTES!$I$5)) | Z8: =IF(LISTES!$I$6="",0,SUMIFS(SAISIE!$K$2:$K$501,SAISIE!$C$2:$C$501,LISTES!$I$6)) | AA8: =IF(LISTES!$I$7="",0,SUMIFS(SAISIE!$K$2:$K$501,SAISIE!$C$2:$C$501,LISTES!$I$7)) | AB8: =IF(LISTES!$I$8="",0,SUMIFS(SAISIE!$K$2:$K$501,SAISIE!$C$2:$C$501,LISTES!$I$8)) | AC8: =IF(LISTES!$I$9="",0,SUMIFS(SAISIE!$K$2:$K$501,SAISIE!$C$2:$C$501,LISTES!$I$9)) | AD8: =IF(LISTES!$I$10="",0,SUMIFS(SAISIE!$K$2:$K$501,SAISIE!$C$2:$C$501,LISTES!$I$10)) | AE8: =IF(LISTES!$I$11="",0,SUMIFS(SAISIE!$K$2:$K$501,SAISIE!$C$2:$C$501,LISTES!$I$11))
A9: =LISTES!$A$9 | B9: =IF(LISTES!$E$2="",0,SUMIFS(SAISIE!$L$2:$L$501,SAISIE!$C$2:$C$501,LISTES!$E$2)) | C9: =IF(LISTES!$E$3="",0,SUMIFS(SAISIE!$L$2:$L$501,SAISIE!$C$2:$C$501,LISTES!$E$3)) | D9: =IF(LISTES!$E$4="",0,SUMIFS(SAISIE!$L$2:$L$501,SAISIE!$C$2:$C$501,LISTES!$E$4)) | E9: =IF(LISTES!$E$5="",0,SUMIFS(SAISIE!$L$2:$L$501,SAISIE!$C$2:$C$501,LISTES!$E$5)) | F9: =IF(LISTES!$E$6="",0,SUMIFS(SAISIE!$L$2:$L$501,SAISIE!$C$2:$C$501,LISTES!$E$6)) | G9: =IF(LISTES!$E$7="",0,SUMIFS(SAISIE!$L$2:$L$501,SAISIE!$C$2:$C$501,LISTES!$E$7)) | H9: =IF(LISTES!$E$8="",0,SUMIFS(SAISIE!$L$2:$L$501,SAISIE!$C$2:$C$501,LISTES!$E$8)) | I9: =IF(LISTES!$E$9="",0,SUMIFS(SAISIE!$L$2:$L$501,SAISIE!$C$2:$C$501,LISTES!$E$9)) | J9: =IF(LISTES!$E$10="",0,SUMIFS(SAISIE!$L$2:$L$501,SAISIE!$C$2:$C$501,LISTES!$E$10)) | K9: =IF(LISTES!$E$11="",0,SUMIFS(SAISIE!$L$2:$L$501,SAISIE!$C$2:$C$501,LISTES!$E$11)) | L9: =IF(LISTES!$G$2="",0,SUMIFS(SAISIE!$L$2:$L$501,SAISIE!$C$2:$C$501,LISTES!$G$2)) | M9: =IF(LISTES!$G$3="",0,SUMIFS(SAISIE!$L$2:$L$501,SAISIE!$C$2:$C$501,LISTES!$G$3)) | N9: =IF(LISTES!$G$4="",0,SUMIFS(SAISIE!$L$2:$L$501,SAISIE!$C$2:$C$501,LISTES!$G$4)) | O9: =IF(LISTES!$G$5="",0,SUMIFS(SAISIE!$L$2:$L$501,SAISIE!$C$2:$C$501,LISTES!$G$5)) | P9: =IF(LISTES!$G$6="",0,SUMIFS(SAISIE!$L$2:$L$501,SAISIE!$C$2:$C$501,LISTES!$G$6)) | Q9: =IF(LISTES!$G$7="",0,SUMIFS(SAISIE!$L$2:$L$501,SAISIE!$C$2:$C$501,LISTES!$G$7)) | R9: =IF(LISTES!$G$8="",0,SUMIFS(SAISIE!$L$2:$L$501,SAISIE!$C$2:$C$501,LISTES!$G$8)) | S9: =IF(LISTES!$G$9="",0,SUMIFS(SAISIE!$L$2:$L$501,SAISIE!$C$2:$C$501,LISTES!$G$9)) | T9: =IF(LISTES!$G$10="",0,SUMIFS(SAISIE!$L$2:$L$501,SAISIE!$C$2:$C$501,LISTES!$G$10)) | U9: =IF(LISTES!$G$11="",0,SUMIFS(SAISIE!$L$2:$L$501,SAISIE!$C$2:$C$501,LISTES!$G$11)) | V9: =IF(LISTES!$I$2="",0,SUMIFS(SAISIE!$L$2:$L$501,SAISIE!$C$2:$C$501,LISTES!$I$2)) | W9: =IF(LISTES!$I$3="",0,SUMIFS(SAISIE!$L$2:$L$501,SAISIE!$C$2:$C$501,LISTES!$I$3)) | X9: =IF(LISTES!$I$4="",0,SUMIFS(SAISIE!$L$2:$L$501,SAISIE!$C$2:$C$501,LISTES!$I$4)) | Y9: =IF(LISTES!$I$5="",0,SUMIFS(SAISIE!$L$2:$L$501,SAISIE!$C$2:$C$501,LISTES!$I$5)) | Z9: =IF(LISTES!$I$6="",0,SUMIFS(SAISIE!$L$2:$L$501,SAISIE!$C$2:$C$501,LISTES!$I$6)) | AA9: =IF(LISTES!$I$7="",0,SUMIFS(SAISIE!$L$2:$L$501,SAISIE!$C$2:$C$501,LISTES!$I$7)) | AB9: =IF(LISTES!$I$8="",0,SUMIFS(SAISIE!$L$2:$L$501,SAISIE!$C$2:$C$501,LISTES!$I$8)) | AC9: =IF(LISTES!$I$9="",0,SUMIFS(SAISIE!$L$2:$L$501,SAISIE!$C$2:$C$501,LISTES!$I$9)) | AD9: =IF(LISTES!$I$10="",0,SUMIFS(SAISIE!$L$2:$L$501,SAISIE!$C$2:$C$501,LISTES!$I$10)) | AE9: =IF(LISTES!$I$11="",0,SUMIFS(SAISIE!$L$2:$L$501,SAISIE!$C$2:$C$501,LISTES!$I$11))
A10: =LISTES!$A$10 | B10: =IF(LISTES!$E$2="",0,SUMIFS(SAISIE!$M$2:$M$501,SAISIE!$C$2:$C$501,LISTES!$E$2)) | C10: =IF(LISTES!$E$3="",0,SUMIFS(SAISIE!$M$2:$M$501,SAISIE!$C$2:$C$501,LISTES!$E$3)) | D10: =IF(LISTES!$E$4="",0,SUMIFS(SAISIE!$M$2:$M$501,SAISIE!$C$2:$C$501,LISTES!$E$4)) | E10: =IF(LISTES!$E$5="",0,SUMIFS(SAISIE!$M$2:$M$501,SAISIE!$C$2:$C$501,LISTES!$E$5)) | F10: =IF(LISTES!$E$6="",0,SUMIFS(SAISIE!$M$2:$M$501,SAISIE!$C$2:$C$501,LISTES!$E$6)) | G10: =IF(LISTES!$E$7="",0,SUMIFS(SAISIE!$M$2:$M$501,SAISIE!$C$2:$C$501,LISTES!$E$7)) | H10: =IF(LISTES!$E$8="",0,SUMIFS(SAISIE!$M$2:$M$501,SAISIE!$C$2:$C$501,LISTES!$E$8)) | I10: =IF(LISTES!$E$9="",0,SUMIFS(SAISIE!$M$2:$M$501,SAISIE!$C$2:$C$501,LISTES!$E$9)) | J10: =IF(LISTES!$E$10="",0,SUMIFS(SAISIE!$M$2:$M$501,SAISIE!$C$2:$C$501,LISTES!$E$10)) | K10: =IF(LISTES!$E$11="",0,SUMIFS(SAISIE!$M$2:$M$501,SAISIE!$C$2:$C$501,LISTES!$E$11)) | L10: =IF(LISTES!$G$2="",0,SUMIFS(SAISIE!$M$2:$M$501,SAISIE!$C$2:$C$501,LISTES!$G$2)) | M10: =IF(LISTES!$G$3="",0,SUMIFS(SAISIE!$M$2:$M$501,SAISIE!$C$2:$C$501,LISTES!$G$3)) | N10: =IF(LISTES!$G$4="",0,SUMIFS(SAISIE!$M$2:$M$501,SAISIE!$C$2:$C$501,LISTES!$G$4)) | O10: =IF(LISTES!$G$5="",0,SUMIFS(SAISIE!$M$2:$M$501,SAISIE!$C$2:$C$501,LISTES!$G$5)) | P10: =IF(LISTES!$G$6="",0,SUMIFS(SAISIE!$M$2:$M$501,SAISIE!$C$2:$C$501,LISTES!$G$6)) | Q10: =IF(LISTES!$G$7="",0,SUMIFS(SAISIE!$M$2:$M$501,SAISIE!$C$2:$C$501,LISTES!$G$7)) | R10: =IF(LISTES!$G$8="",0,SUMIFS(SAISIE!$M$2:$M$501,SAISIE!$C$2:$C$501,LISTES!$G$8)) | S10: =IF(LISTES!$G$9="",0,SUMIFS(SAISIE!$M$2:$M$501,SAISIE!$C$2:$C$501,LISTES!$G$9)) | T10: =IF(LISTES!$G$10="",0,SUMIFS(SAISIE!$M$2:$M$501,SAISIE!$C$2:$C$501,LISTES!$G$10)) | U10: =IF(LISTES!$G$11="",0,SUMIFS(SAISIE!$M$2:$M$501,SAISIE!$C$2:$C$501,LISTES!$G$11)) | V10: =IF(LISTES!$I$2="",0,SUMIFS(SAISIE!$M$2:$M$501,SAISIE!$C$2:$C$501,LISTES!$I$2)) | W10: =IF(LISTES!$I$3="",0,SUMIFS(SAISIE!$M$2:$M$501,SAISIE!$C$2:$C$501,LISTES!$I$3)) | X10: =IF(LISTES!$I$4="",0,SUMIFS(SAISIE!$M$2:$M$501,SAISIE!$C$2:$C$501,LISTES!$I$4)) | Y10: =IF(LISTES!$I$5="",0,SUMIFS(SAISIE!$M$2:$M$501,SAISIE!$C$2:$C$501,LISTES!$I$5)) | Z10: =IF(LISTES!$I$6="",0,SUMIFS(SAISIE!$M$2:$M$501,SAISIE!$C$2:$C$501,LISTES!$I$6)) | AA10: =IF(LISTES!$I$7="",0,SUMIFS(SAISIE!$M$2:$M$501,SAISIE!$C$2:$C$501,LISTES!$I$7)) | AB10: =IF(LISTES!$I$8="",0,SUMIFS(SAISIE!$M$2:$M$501,SAISIE!$C$2:$C$501,LISTES!$I$8)) | AC10: =IF(LISTES!$I$9="",0,SUMIFS(SAISIE!$M$2:$M$501,SAISIE!$C$2:$C$501,LISTES!$I$9)) | AD10: =IF(LISTES!$I$10="",0,SUMIFS(SAISIE!$M$2:$M$501,SAISIE!$C$2:$C$501,LISTES!$I$10)) | AE10: =IF(LISTES!$I$11="",0,SUMIFS(SAISIE!$M$2:$M$501,SAISIE!$C$2:$C$501,LISTES!$I$11))
A11: =LISTES!$A$11 | B11: =IF(LISTES!$E$2="",0,SUMIFS(SAISIE!$N$2:$N$501,SAISIE!$C$2:$C$501,LISTES!$E$2)) | C11: =IF(LISTES!$E$3="",0,SUMIFS(SAISIE!$N$2:$N$501,SAISIE!$C$2:$C$501,LISTES!$E$3)) | D11: =IF(LISTES!$E$4="",0,SUMIFS(SAISIE!$N$2:$N$501,SAISIE!$C$2:$C$501,LISTES!$E$4)) | E11: =IF(LISTES!$E$5="",0,SUMIFS(SAISIE!$N$2:$N$501,SAISIE!$C$2:$C$501,LISTES!$E$5)) | F11: =IF(LISTES!$E$6="",0,SUMIFS(SAISIE!$N$2:$N$501,SAISIE!$C$2:$C$501,LISTES!$E$6)) | G11: =IF(LISTES!$E$7="",0,SUMIFS(SAISIE!$N$2:$N$501,SAISIE!$C$2:$C$501,LISTES!$E$7)) | H11: =IF(LISTES!$E$8="",0,SUMIFS(SAISIE!$N$2:$N$501,SAISIE!$C$2:$C$501,LISTES!$E$8)) | I11: =IF(LISTES!$E$9="",0,SUMIFS(SAISIE!$N$2:$N$501,SAISIE!$C$2:$C$501,LISTES!$E$9)) | J11: =IF(LISTES!$E$10="",0,SUMIFS(SAISIE!$N$2:$N$501,SAISIE!$C$2:$C$501,LISTES!$E$10)) | K11: =IF(LISTES!$E$11="",0,SUMIFS(SAISIE!$N$2:$N$501,SAISIE!$C$2:$C$501,LISTES!$E$11)) | L11: =IF(LISTES!$G$2="",0,SUMIFS(SAISIE!$N$2:$N$501,SAISIE!$C$2:$C$501,LISTES!$G$2)) | M11: =IF(LISTES!$G$3="",0,SUMIFS(SAISIE!$N$2:$N$501,SAISIE!$C$2:$C$501,LISTES!$G$3)) | N11: =IF(LISTES!$G$4="",0,SUMIFS(SAISIE!$N$2:$N$501,SAISIE!$C$2:$C$501,LISTES!$G$4)) | O11: =IF(LISTES!$G$5="",0,SUMIFS(SAISIE!$N$2:$N$501,SAISIE!$C$2:$C$501,LISTES!$G$5)) | P11: =IF(LISTES!$G$6="",0,SUMIFS(SAISIE!$N$2:$N$501,SAISIE!$C$2:$C$501,LISTES!$G$6)) | Q11: =IF(LISTES!$G$7="",0,SUMIFS(SAISIE!$N$2:$N$501,SAISIE!$C$2:$C$501,LISTES!$G$7)) | R11: =IF(LISTES!$G$8="",0,SUMIFS(SAISIE!$N$2:$N$501,SAISIE!$C$2:$C$501,LISTES!$G$8)) | S11: =IF(LISTES!$G$9="",0,SUMIFS(SAISIE!$N$2:$N$501,SAISIE!$C$2:$C$501,LISTES!$G$9)) | T11: =IF(LISTES!$G$10="",0,SUMIFS(SAISIE!$N$2:$N$501,SAISIE!$C$2:$C$501,LISTES!$G$10)) | U11: =IF(LISTES!$G$11="",0,SUMIFS(SAISIE!$N$2:$N$501,SAISIE!$C$2:$C$501,LISTES!$G$11)) | V11: =IF(LISTES!$I$2="",0,SUMIFS(SAISIE!$N$2:$N$501,SAISIE!$C$2:$C$501,LISTES!$I$2)) | W11: =IF(LISTES!$I$3="",0,SUMIFS(SAISIE!$N$2:$N$501,SAISIE!$C$2:$C$501,LISTES!$I$3)) | X11: =IF(LISTES!$I$4="",0,SUMIFS(SAISIE!$N$2:$N$501,SAISIE!$C$2:$C$501,LISTES!$I$4)) | Y11: =IF(LISTES!$I$5="",0,SUMIFS(SAISIE!$N$2:$N$501,SAISIE!$C$2:$C$501,LISTES!$I$5)) | Z11: =IF(LISTES!$I$6="",0,SUMIFS(SAISIE!$N$2:$N$501,SAISIE!$C$2:$C$501,LISTES!$I$6)) | AA11: =IF(LISTES!$I$7="",0,SUMIFS(SAISIE!$N$2:$N$501,SAISIE!$C$2:$C$501,LISTES!$I$7)) | AB11: =IF(LISTES!$I$8="",0,SUMIFS(SAISIE!$N$2:$N$501,SAISIE!$C$2:$C$501,LISTES!$I$8)) | AC11: =IF(LISTES!$I$9="",0,SUMIFS(SAISIE!$N$2:$N$501,SAISIE!$C$2:$C$501,LISTES!$I$9)) | AD11: =IF(LISTES!$I$10="",0,SUMIFS(SAISIE!$N$2:$N$501,SAISIE!$C$2:$C$501,LISTES!$I$10)) | AE11: =IF(LISTES!$I$11="",0,SUMIFS(SAISIE!$N$2:$N$501,SAISIE!$C$2:$C$501,LISTES!$I$11))

Sheet SYNTHESE
A1: SUIVI DOSIMÉTRIE — SYNTHÈSE MISSION
A3: Dose totale (mSv) | C3: Intervenants actifs | E3: RTR actifs | G3: Dernière saisie
A4: =SUM(SAISIE!E2:N501) | C4: =SUMPRODUCT(--(LISTES!$A$2:$A$11<>"")) | E4: =SUMPRODUCT(--(LISTES!$M$2:$M$31<>"")) | G4: =IF(MAX(SAISIE!A2:A501)=0,"",MAX(SAISIE!A2:A501))
A7: RTR | B7: Prévu (mSv) | C7: =LISTES!$A$2 | D7: =LISTES!$A$3 | E7: =LISTES!$A$4 | F7: =LISTES!$A$5 | G7: =LISTES!$A$6 | H7: =LISTES!$A$7 | I7: =LISTES!$A$8 | J7: =LISTES!$A$9 | K7: =LISTES!$A$10 | L7: =LISTES!$A$11 | M7: Consommé | N7: Reste (mSv) | O7: % prévu
A8: ▸ RTR CLASSIQUES
A9: =LISTES!$E$2 | B9: =SUIVI_RTR!F3 | C9: =IF(LISTES!$E$2="",0,SUMIFS(SAISIE!$E$2:$E$501,SAISIE!$C$2:$C$501,LISTES!$E$2)) | D9: =IF(LISTES!$E$2="",0,SUMIFS(SAISIE!$F$2:$F$501,SAISIE!$C$2:$C$501,LISTES!$E$2)) | E9: =IF(LISTES!$E$2="",0,SUMIFS(SAISIE!$G$2:$G$501,SAISIE!$C$2:$C$501,LISTES!$E$2)) | F9: =IF(LISTES!$E$2="",0,SUMIFS(SAISIE!$H$2:$H$501,SAISIE!$C$2:$C$501,LISTES!$E$2)) | G9: =IF(LISTES!$E$2="",0,SUMIFS(SAISIE!$I$2:$I$501,SAISIE!$C$2:$C$501,LISTES!$E$2)) | H9: =IF(LISTES!$E$2="",0,SUMIFS(SAISIE!$J$2:$J$501,SAISIE!$C$2:$C$501,LISTES!$E$2)) | I9: =IF(LISTES!$E$2="",0,SUMIFS(SAISIE!$K$2:$K$501,SAISIE!$C$2:$C$501,LISTES!$E$2)) | J9: =IF(LISTES!$E$2="",0,SUMIFS(SAISIE!$L$2:$L$501,SAISIE!$C$2:$C$501,LISTES!$E$2)) | K9: =IF(LISTES!$E$2="",0,SUMIFS(SAISIE!$M$2:$M$501,SAISIE!$C$2:$C$501,LISTES!$E$2)) | L9: =IF(LISTES!$E$2="",0,SUMIFS(SAISIE!$N$2:$N$501,SAISIE!$C$2:$C$501,LISTES!$E$2)) | M9: =SUM(C9:L9) | N9: =IFERROR(IF(B9=0,"",B9-M9),"") | O9: =IFERROR(IF(B9=0,"",M9/B9),"")
A10: =LISTES!$E$3 | B10: =SUIVI_RTR!F4 | C10: =IF(LISTES!$E$3="",0,SUMIFS(SAISIE!$E$2:$E$501,SAISIE!$C$2:$C$501,LISTES!$E$3)) | D10: =IF(LISTES!$E$3="",0,SUMIFS(SAISIE!$F$2:$F$501,SAISIE!$C$2:$C$501,LISTES!$E$3)) | E10: =IF(LISTES!$E$3="",0,SUMIFS(SAISIE!$G$2:$G$501,SAISIE!$C$2:$C$501,LISTES!$E$3)) | F10: =IF(LISTES!$E$3="",0,SUMIFS(SAISIE!$H$2:$H$501,SAISIE!$C$2:$C$501,LISTES!$E$3)) | G10: =IF(LISTES!$E$3="",0,SUMIFS(SAISIE!$I$2:$I$501,SAISIE!$C$2:$C$501,LISTES!$E$3)) | H10: =IF(LISTES!$E$3="",0,SUMIFS(SAISIE!$J$2:$J$501,SAISIE!$C$2:$C$501,LISTES!$E$3)) | I10: =IF(LISTES!$E$3="",0,SUMIFS(SAISIE!$K$2:$K$501,SAISIE!$C$2:$C$501,LISTES!$E$3)) | J10: =IF(LISTES!$E$3="",0,SUMIFS(SAISIE!$L$2:$L$501,SAISIE!$C$2:$C$501,LISTES!$E$3)) | K10: =IF(LISTES!$E$3="",0,SUMIFS(SAISIE!$M$2:$M$501,SAISIE!$C$2:$C$501,LISTES!$E$3)) | L10: =IF(LISTES!$E$3="",0,SUMIFS(SAISIE!$N$2:$N$501,SAISIE!$C$2:$C$501,LISTES!$E$3)) | M10: =SUM(C10:L10) | N10: =IFERROR(IF(B10=0,"",B10-M10),"") | O10: =IFERROR(IF(B10=0,"",M10/B10),"")
A11: =LISTES!$E$4 | B11: =SUIVI_RTR!F5 | C11: =IF(LISTES!$E$4="",0,SUMIFS(SAISIE!$E$2:$E$501,SAISIE!$C$2:$C$501,LISTES!$E$4)) | D11: =IF(LISTES!$E$4="",0,SUMIFS(SAISIE!$F$2:$F$501,SAISIE!$C$2:$C$501,LISTES!$E$4)) | E11: =IF(LISTES!$E$4="",0,SUMIFS(SAISIE!$G$2:$G$501,SAISIE!$C$2:$C$501,LISTES!$E$4)) | F11: =IF(LISTES!$E$4="",0,SUMIFS(SAISIE!$H$2:$H$501,SAISIE!$C$2:$C$501,LISTES!$E$4)) | G11: =IF(LISTES!$E$4="",0,SUMIFS(SAISIE!$I$2:$I$501,SAISIE!$C$2:$C$501,LISTES!$E$4)) | H11: =IF(LISTES!$E$4="",0,SUMIFS(SAISIE!$J$2:$J$501,SAISIE!$C$2:$C$501,LISTES!$E$4)) | I11: =IF(LISTES!$E$4="",0,SUMIFS(SAISIE!$K$2:$K$501,SAISIE!$C$2:$C$501,LISTES!$E$4)) | J11: =IF(LISTES!$E$4="",0,SUMIFS(SAISIE!$L$2:$L$501,SAISIE!$C$2:$C$501,LISTES!$E$4)) | K11: =IF(LISTES!$E$4="",0,SUMIFS(SAISIE!$M$2:$M$501,SAISIE!$C$2:$C$501,LISTES!$E$4)) | L11: =IF(LISTES!$E$4="",0,SUMIFS(SAISIE!$N$2:$N$501,SAISIE!$C$2:$C$501,LISTES!$E$4)) | M11: =SUM(C11:L11) | N11: =IFERROR(IF(B11=0,"",B11-M11),"") | O11: =IFERROR(IF(B11=0,"",M11/B11),"")
A12: =LISTES!$E$5 | B12: =SUIVI_RTR!F6 | C12: =IF(LISTES!$E$5="",0,SUMIFS(SAISIE!$E$2:$E$501,SAISIE!$C$2:$C$501,LISTES!$E$5)) | D12: =IF(LISTES!$E$5="",0,SUMIFS(SAISIE!$F$2:$F$501,SAISIE!$C$2:$C$501,LISTES!$E$5)) | E12: =IF(LISTES!$E$5="",0,SUMIFS(SAISIE!$G$2:$G$501,SAISIE!$C$2:$C$501,LISTES!$E$5)) | F12: =IF(LISTES!$E$5="",0,SUMIFS(SAISIE!$H$2:$H$501,SAISIE!$C$2:$C$501,LISTES!$E$5)) | G12: =IF(LISTES!$E$5="",0,SUMIFS(SAISIE!$I$2:$I$501,SAISIE!$C$2:$C$501,LISTES!$E$5)) | H12: =IF(LISTES!$E$5="",0,SUMIFS(SAISIE!$J$2:$J$501,SAISIE!$C$2:$C$501,LISTES!$E$5)) | I12: =IF(LISTES!$E$5="",0,SUMIFS(SAISIE!$K$2:$K$501,SAISIE!$C$2:$C$501,LISTES!$E$5)) | J12: =IF(LISTES!$E$5="",0,SUMIFS(SAISIE!$L$2:$L$501,SAISIE!$C$2:$C$501,LISTES!$E$5)) | K12: =IF(LISTES!$E$5="",0,SUMIFS(SAISIE!$M$2:$M$501,SAISIE!$C$2:$C$501,LISTES!$E$5)) | L12: =IF(LISTES!$E$5="",0,SUMIFS(SAISIE!$N$2:$N$501,SAISIE!$C$2:$C$501,LISTES!$E$5)) | M12: =SUM(C12:L12) | N12: =IFERROR(IF(B12=0,"",B12-M12),"") | O12: =IFERROR(IF(B12=0,"",M12/B12),"")
A13: =LISTES!$E$6 | B13: =SUIVI_RTR!F7 | C13: =IF(LISTES!$E$6="",0,SUMIFS(SAISIE!$E$2:$E$501,SAISIE!$C$2:$C$501,LISTES!$E$6)) | D13: =IF(LISTES!$E$6="",0,SUMIFS(SAISIE!$F$2:$F$501,SAISIE!$C$2:$C$501,LISTES!$E$6)) | E13: =IF(LISTES!$E$6="",0,SUMIFS(SAISIE!$G$2:$G$501,SAISIE!$C$2:$C$501,LISTES!$E$6)) | F13: =IF(LISTES!$E$6="",0,SUMIFS(SAISIE!$H$2:$H$501,SAISIE!$C$2:$C$501,LISTES!$E$6)) | G13: =IF(LISTES!$E$6="",0,SUMIFS(SAISIE!$I$2:$I$501,SAISIE!$C$2:$C$501,LISTES!$E$6)) | H13: =IF(LISTES!$E$6="",0,SUMIFS(SAISIE!$J$2:$J$501,SAISIE!$C$2:$C$501,LISTES!$E$6)) | I13: =IF(LISTES!$E$6="",0,SUMIFS(SAISIE!$K$2:$K$501,SAISIE!$C$2:$C$501,LISTES!$E$6)) | J13: =IF(LISTES!$E$6="",0,SUMIFS(SAISIE!$L$2:$L$501,SAISIE!$C$2:$C$501,LISTES!$E$6)) | K13: =IF(LISTES!$E$6="",0,SUMIFS(SAISIE!$M$2:$M$501,SAISIE!$C$2:$C$501,LISTES!$E$6)) | L13: =IF(LISTES!$E$6="",0,SUMIFS(SAISIE!$N$2:$N$501,SAISIE!$C$2:$C$501,LISTES!$E$6)) | M13: =SUM(C13:L13) | N13: =IFERROR(IF(B13=0,"",B13-M13),"") | O13: =IFERROR(IF(B13=0,"",M13/B13),"")
A14: =LISTES!$E$7 | B14: =SUIVI_RTR!F8 | C14: =IF(LISTES!$E$7="",0,SUMIFS(SAISIE!$E$2:$E$501,SAISIE!$C$2:$C$501,LISTES!$E$7)) | D14: =IF(LISTES!$E$7="",0,SUMIFS(SAISIE!$F$2:$F$501,SAISIE!$C$2:$C$501,LISTES!$E$7)) | E14: =IF(LISTES!$E$7="",0,SUMIFS(SAISIE!$G$2:$G$501,SAISIE!$C$2:$C$501,LISTES!$E$7)) | F14: =IF(LISTES!$E$7="",0,SUMIFS(SAISIE!$H$2:$H$501,SAISIE!$C$2:$C$501,LISTES!$E$7)) | G14: =IF(LISTES!$E$7="",0,SUMIFS(SAISIE!$I$2:$I$501,SAISIE!$C$2:$C$501,LISTES!$E$7)) | H14: =IF(LISTES!$E$7="",0,SUMIFS(SAISIE!$J$2:$J$501,SAISIE!$C$2:$C$501,LISTES!$E$7)) | I14: =IF(LISTES!$E$7="",0,SUMIFS(SAISIE!$K$2:$K$501,SAISIE!$C$2:$C$501,LISTES!$E$7)) | J14: =IF(LISTES!$E$7="",0,SUMIFS(SAISIE!$L$2:$L$501,SAISIE!$C$2:$C$501,LISTES!$E$7)) | K14: =IF(LISTES!$E$7="",0,SUMIFS(SAISIE!$M$2:$M$501,SAISIE!$C$2:$C$501,LISTES!$E$7)) | L14: =IF(LISTES!$E$7="",0,SUMIFS(SAISIE!$N$2:$N$501,SAISIE!$C$2:$C$501,LISTES!$E$7)) | M14: =SUM(C14:L14) | N14: =IFERROR(IF(B14=0,"",B14-M14),"") | O14: =IFERROR(IF(B14=0,"",M14/B14),"")
A15: =LISTES!$E$8 | B15: =SUIVI_RTR!F9 | C15: =IF(LISTES!$E$8="",0,SUMIFS(SAISIE!$E$2:$E$501,SAISIE!$C$2:$C$501,LISTES!$E$8)) | D15: =IF(LISTES!$E$8="",0,SUMIFS(SAISIE!$F$2:$F$501,SAISIE!$C$2:$C$501,LISTES!$E$8)) | E15: =IF(LISTES!$E$8="",0,SUMIFS(SAISIE!$G$2:$G$501,SAISIE!$C$2:$C$501,LISTES!$E$8)) | F15: =IF(LISTES!$E$8="",0,SUMIFS(SAISIE!$H$2:$H$501,SAISIE!$C$2:$C$501,LISTES!$E$8)) | G15: =IF(LISTES!$E$8="",0,SUMIFS(SAISIE!$I$2:$I$501,SAISIE!$C$2:$C$501,LISTES!$E$8)) | H15: =IF(LISTES!$E$8="",0,SUMIFS(SAISIE!$J$2:$J$501,SAISIE!$C$2:$C$501,LISTES!$E$8)) | I15: =IF(LISTES!$E$8="",0,SUMIFS(SAISIE!$K$2:$K$501,SAISIE!$C$2:$C$501,LISTES!$E$8)) | J15: =IF(LISTES!$E$8="",0,SUMIFS(SAISIE!$L$2:$L$501,SAISIE!$C$2:$C$501,LISTES!$E$8)) | K15: =IF(LISTES!$E$8="",0,SUMIFS(SAISIE!$M$2:$M$501,SAISIE!$C$2:$C$501,LISTES!$E$8)) | L15: =IF(LISTES!$E$8="",0,SUMIFS(SAISIE!$N$2:$N$501,SAISIE!$C$2:$C$501,LISTES!$E$8)) | M15: =SUM(C15:L15) | N15: =IFERROR(IF(B15=0,"",B15-M15),"") | O15: =IFERROR(IF(B15=0,"",M15/B15),"")
A16: =LISTES!$E$9 | B16: =SUIVI_RTR!F10 | C16: =IF(LISTES!$E$9="",0,SUMIFS(SAISIE!$E$2:$E$501,SAISIE!$C$2:$C$501,LISTES!$E$9)) | D16: =IF(LISTES!$E$9="",0,SUMIFS(SAISIE!$F$2:$F$501,SAISIE!$C$2:$C$501,LISTES!$E$9)) | E16: =IF(LISTES!$E$9="",0,SUMIFS(SAISIE!$G$2:$G$501,SAISIE!$C$2:$C$501,LISTES!$E$9)) | F16: =IF(LISTES!$E$9="",0,SUMIFS(SAISIE!$H$2:$H$501,SAISIE!$C$2:$C$501,LISTES!$E$9)) | G16: =IF(LISTES!$E$9="",0,SUMIFS(SAISIE!$I$2:$I$501,SAISIE!$C$2:$C$501,LISTES!$E$9)) | H16: =IF(LISTES!$E$9="",0,SUMIFS(SAISIE!$J$2:$J$501,SAISIE!$C$2:$C$501,LISTES!$E$9)) | I16: =IF(LISTES!$E$9="",0,SUMIFS(SAISIE!$K$2:$K$501,SAISIE!$C$2:$C$501,LISTES!$E$9)) | J16: =IF(LISTES!$E$9="",0,SUMIFS(SAISIE!$L$2:$L$501,SAISIE!$C$2:$C$501,LISTES!$E$9)) | K16: =IF(LISTES!$E$9="",0,SUMIFS(SAISIE!$M$2:$M$501,SAISIE!$C$2:$C$501,LISTES!$E$9)) | L16: =IF(LISTES!$E$9="",0,SUMIFS(SAISIE!$N$2:$N$501,SAISIE!$C$2:$C$501,LISTES!$E$9)) | M16: =SUM(C16:L16) | N16: =IFERROR(IF(B16=0,"",B16-M16),"") | O16: =IFERROR(IF(B16=0,"",M16/B16),"")
A17: =LISTES!$E$10 | B17: =SUIVI_RTR!F11 | C17: =IF(LISTES!$E$10="",0,SUMIFS(SAISIE!$E$2:$E$501,SAISIE!$C$2:$C$501,LISTES!$E$10)) | D17: =IF(LISTES!$E$10="",0,SUMIFS(SAISIE!$F$2:$F$501,SAISIE!$C$2:$C$501,LISTES!$E$10)) | E17: =IF(LISTES!$E$10="",0,SUMIFS(SAISIE!$G$2:$G$501,SAISIE!$C$2:$C$501,LISTES!$E$10)) | F17: =IF(LISTES!$E$10="",0,SUMIFS(SAISIE!$H$2:$H$501,SAISIE!$C$2:$C$501,LISTES!$E$10)) | G17: =IF(LISTES!$E$10="",0,SUMIFS(SAISIE!$I$2:$I$501,SAISIE!$C$2:$C$501,LISTES!$E$10)) | H17: =IF(LISTES!$E$10="",0,SUMIFS(SAISIE!$J$2:$J$501,SAISIE!$C$2:$C$501,LISTES!$E$10)) | I17: =IF(LISTES!$E$10="",0,SUMIFS(SAISIE!$K$2:$K$501,SAISIE!$C$2:$C$501,LISTES!$E$10)) | J17: =IF(LISTES!$E$10="",0,SUMIFS(SAISIE!$L$2:$L$501,SAISIE!$C$2:$C$501,LISTES!$E$10)) | K17: =IF(LISTES!$E$10="",0,SUMIFS(SAISIE!$M$2:$M$501,SAISIE!$C$2:$C$501,LISTES!$E$10)) | L17: =IF(LISTES!$E$10="",0,SUMIFS(SAISIE!$N$2:$N$501,SAISIE!$C$2:$C$501,LISTES!$E$10)) | M17: =SUM(C17:L17) | N17: =IFERROR(IF(B17=0,"",B17-M17),"") | O17: =IFERROR(IF(B17=0,"",M17/B17),"")
A18: =LISTES!$E$11 | B18: =SUIVI_RTR!F12 | C18: =IF(LISTES!$E$11="",0,SUMIFS(SAISIE!$E$2:$E$501,SAISIE!$C$2:$C$501,LISTES!$E$11)) | D18: =IF(LISTES!$E$11="",0,SUMIFS(SAISIE!$F$2:$F$501,SAISIE!$C$2:$C$501,LISTES!$E$11)) | E18: =IF(LISTES!$E$11="",0,SUMIFS(SAISIE!$G$2:$G$501,SAISIE!$C$2:$C$501,LISTES!$E$11)) | F18: =IF(LISTES!$E$11="",0,SUMIFS(SAISIE!$H$2:$H$501,SAISIE!$C$2:$C$501,LISTES!$E$11)) | G18: =IF(LISTES!$E$11="",0,SUMIFS(SAISIE!$I$2:$I$501,SAISIE!$C$2:$C$501,LISTES!$E$11)) | H18: =IF(LISTES!$E$11="",0,SUMIFS(SAISIE!$J$2:$J$501,SAISIE!$C$2:$C$501,LISTES!$E$11)) | I18: =IF(LISTES!$E$11="",0,SUMIFS(SAISIE!$K$2:$K$501,SAISIE!$C$2:$C$501,LISTES!$E$11)) | J18: =IF(LISTES!$E$11="",0,SUMIFS(SAISIE!$L$2:$L$501,SAISIE!$C$2:$C$501,LISTES!$E$11)) | K18: =IF(LISTES!$E$11="",0,SUMIFS(SAISIE!$M$2:$M$501,SAISIE!$C$2:$C$501,LISTES!$E$11)) | L18: =IF(LISTES!$E$11="",0,SUMIFS(SAISIE!$N$2:$N$501,SAISIE!$C$2:$C$501,LISTES!$E$11)) | M18: =SUM(C18:L18) | N18: =IFERROR(IF(B18=0,"",B18-M18),"") | O18: =IFERROR(IF(B18=0,"",M18/B18),"")
A19: Sous-total | B19: =SUMIF(B9:B18,"<>") | C19: =SUM(C9:C18) | D19: =SUM(D9:D18) | E19: =SUM(E9:E18) | F19: =SUM(F9:F18) | G19: =SUM(G9:G18) | H19: =SUM(H9:H18) | I19: =SUM(I9:I18) | J19: =SUM(J9:J18) | ... M19: =SUM(M9:M18) | N19: =IFERROR(IF(B19=0,"",B19-M19),"") | O19: =IFERROR(IF(B19=0,"",M19/B19),"")
A21: ▸ RTR ZONE ORANGE
A22: =LISTES!$G$2 | B22: =SUIVI_RTR!F17 | C22: =IF(LISTES!$G$2="",0,SUMIFS(SAISIE!$E$2:$E$501,SAISIE!$C$2:$C$501,LISTES!$G$2)) | D22: =IF(LISTES!$G$2="",0,SUMIFS(SAISIE!$F$2:$F$501,SAISIE!$C$2:$C$501,LISTES!$G$2)) | E22: =IF(LISTES!$G$2="",0,SUMIFS(SAISIE!$G$2:$G$501,SAISIE!$C$2:$C$501,LISTES!$G$2)) | F22: =IF(LISTES!$G$2="",0,SUMIFS(SAISIE!$H$2:$H$501,SAISIE!$C$2:$C$501,LISTES!$G$2)) | G22: =IF(LISTES!$G$2="",0,SUMIFS(SAISIE!$I$2:$I$501,SAISIE!$C$2:$C$501,LISTES!$G$2)) | H22: =IF(LISTES!$G$2="",0,SUMIFS(SAISIE!$J$2:$J$501,SAISIE!$C$2:$C$501,LISTES!$G$2)) | I22: =IF(LISTES!$G$2="",0,SUMIFS(SAISIE!$K$2:$K$501,SAISIE!$C$2:$C$501,LISTES!$G$2)) | J22: =IF(LISTES!$G$2="",0,SUMIFS(SAISIE!$L$2:$L$501,SAISIE!$C$2:$C$501,LISTES!$G$2)) | K22: =IF(LISTES!$G$2="",0,SUMIFS(SAISIE!$M$2:$M$501,SAISIE!$C$2:$C$501,LISTES!$G$2)) | L22: =IF(LISTES!$G$2="",0,SUMIFS(SAISIE!$N$2:$N$501,SAISIE!$C$2:$C$501,LISTES!$G$2)) | M22: =SUM(C22:L22) | N22: =IFERROR(IF(B22=0,"",B22-M22),"") | O22: =IFERROR(IF(B22=0,"",M22/B22),"")
A23: =LISTES!$G$3 | B23: =SUIVI_RTR!F18 | C23: =IF(LISTES!$G$3="",0,SUMIFS(SAISIE!$E$2:$E$501,SAISIE!$C$2:$C$501,LISTES!$G$3)) | D23: =IF(LISTES!$G$3="",0,SUMIFS(SAISIE!$F$2:$F$501,SAISIE!$C$2:$C$501,LISTES!$G$3)) | E23: =IF(LISTES!$G$3="",0,SUMIFS(SAISIE!$G$2:$G$501,SAISIE!$C$2:$C$501,LISTES!$G$3)) | F23: =IF(LISTES!$G$3="",0,SUMIFS(SAISIE!$H$2:$H$501,SAISIE!$C$2:$C$501,LISTES!$G$3)) | G23: =IF(LISTES!$G$3="",0,SUMIFS(SAISIE!$I$2:$I$501,SAISIE!$C$2:$C$501,LISTES!$G$3)) | H23: =IF(LISTES!$G$3="",0,SUMIFS(SAISIE!$J$2:$J$501,SAISIE!$C$2:$C$501,LISTES!$G$3)) | I23: =IF(LISTES!$G$3="",0,SUMIFS(SAISIE!$K$2:$K$501,SAISIE!$C$2:$C$501,LISTES!$G$3)) | J23: =IF(LISTES!$G$3="",0,SUMIFS(SAISIE!$L$2:$L$501,SAISIE!$C$2:$C$501,LISTES!$G$3)) | K23: =IF(LISTES!$G$3="",0,SUMIFS(SAISIE!$M$2:$M$501,SAISIE!$C$2:$C$501,LISTES!$G$3)) | L23: =IF(LISTES!$G$3="",0,SUMIFS(SAISIE!$N$2:$N$501,SAISIE!$C$2:$C$501,LISTES!$G$3)) | M23: =SUM(C23:L23) | N23: =IFERROR(IF(B23=0,"",B23-M23),"") | O23: =IFERROR(IF(B23=0,"",M23/B23),"")
A24: =LISTES!$G$4 | B24: =SUIVI_RTR!F19 | C24: =IF(LISTES!$G$4="",0,SUMIFS(SAISIE!$E$2:$E$501,SAISIE!$C$2:$C$501,LISTES!$G$4)) | D24: =IF(LISTES!$G$4="",0,SUMIFS(SAISIE!$F$2:$F$501,SAISIE!$C$2:$C$501,LISTES!$G$4)) | E24: =IF(LISTES!$G$4="",0,SUMIFS(SAISIE!$G$2:$G$501,SAISIE!$C$2:$C$501,LISTES!$G$4)) | F24: =IF(LISTES!$G$4="",0,SUMIFS(SAISIE!$H$2:$H$501,SAISIE!$C$2:$C$501,LISTES!$G$4)) | G24: =IF(LISTES!$G$4="",0,SUMIFS(SAISIE!$I$2:$I$501,SAISIE!$C$2:$C$501,LISTES!$G$4)) | H24: =IF(LISTES!$G$4="",0,SUMIFS(SAISIE!$J$2:$J$501,SAISIE!$C$2:$C$501,LISTES!$G$4)) | I24: =IF(LISTES!$G$4="",0,SUMIFS(SAISIE!$K$2:$K$501,SAISIE!$C$2:$C$501,LISTES!$G$4)) | J24: =IF(LISTES!$G$4="",0,SUMIFS(SAISIE!$L$2:$L$501,SAISIE!$C$2:$C$501,LISTES!$G$4)) | K24: =IF(LISTES!$G$4="",0,SUMIFS(SAISIE!$M$2:$M$501,SAISIE!$C$2:$C$501,LISTES!$G$4)) | L24: =IF(LISTES!$G$4="",0,SUMIFS(SAISIE!$N$2:$N$501,SAISIE!$C$2:$C$501,LISTES!$G$4)) | M24: =SUM(C24:L24) | N24: =IFERROR(IF(B24=0,"",B24-M24),"") | O24: =IFERROR(IF(B24=0,"",M24/B24),"")
A25: =LISTES!$G$5 | B25: =SUIVI_RTR!F20 | C25: =IF(LISTES!$G$5="",0,SUMIFS(SAISIE!$E$2:$E$501,SAISIE!$C$2:$C$501,LISTES!$G$5)) | D25: =IF(LISTES!$G$5="",0,SUMIFS(SAISIE!$F$2:$F$501,SAISIE!$C$2:$C$501,LISTES!$G$5)) | E25: =IF(LISTES!$G$5="",0,SUMIFS(SAISIE!$G$2:$G$501,SAISIE!$C$2:$C$501,LISTES!$G$5)) | F25: =IF(LISTES!$G$5="",0,SUMIFS(SAISIE!$H$2:$H$501,SAISIE!$C$2:$C$501,LISTES!$G$5)) | G25: =IF(LISTES!$G$5="",0,SUMIFS(SAISIE!$I$2:$I$501,SAISIE!$C$2:$C$501,LISTES!$G$5)) | H25: =IF(LISTES!$G$5="",0,SUMIFS(SAISIE!$J$2:$J$501,SAISIE!$C$2:$C$501,LISTES!$G$5)) | I25: =IF(LISTES!$G$5="",0,SUMIFS(SAISIE!$K$2:$K$501,SAISIE!$C$2:$C$501,LISTES!$G$5)) | J25: =IF(LISTES!$G$5="",0,SUMIFS(SAISIE!$L$2:$L$501,SAISIE!$C$2:$C$501,LISTES!$G$5)) | K25: =IF(LISTES!$G$5="",0,SUMIFS(SAISIE!$M$2:$M$501,SAISIE!$C$2:$C$501,LISTES!$G$5)) | L25: =IF(LISTES!$G$5="",0,SUMIFS(SAISIE!$N$2:$N$501,SAISIE!$C$2:$C$501,LISTES!$G$5)) | M25: =SUM(C25:L25) | N25: =IFERROR(IF(B25=0,"",B25-M25),"") | O25: =IFERROR(IF(B25=0,"",M25/B25),"")
A26: =LISTES!$G$6 | B26: =SUIVI_RTR!F21 | C26: =IF(LISTES!$G$6="",0,SUMIFS(SAISIE!$E$2:$E$501,SAISIE!$C$2:$C$501,LISTES!$G$6)) | D26: =IF(LISTES!$G$6="",0,SUMIFS(SAISIE!$F$2:$F$501,SAISIE!$C$2:$C$501,LISTES!$G$6)) | E26: =IF(LISTES!$G$6="",0,SUMIFS(SAISIE!$G$2:$G$501,SAISIE!$C$2:$C$501,LISTES!$G$6)) | F26: =IF(LISTES!$G$6="",0,SUMIFS(SAISIE!$H$2:$H$501,SAISIE!$C$2:$C$501,LISTES!$G$6)) | G26: =IF(LISTES!$G$6="",0,SUMIFS(SAISIE!$I$2:$I$501,SAISIE!$C$2:$C$501,LISTES!$G$6)) | H26: =IF(LISTES!$G$6="",0,SUMIFS(SAISIE!$J$2:$J$501,SAISIE!$C$2:$C$501,LISTES!$G$6)) | I26: =IF(LISTES!$G$6="",0,SUMIFS(SAISIE!$K$2:$K$501,SAISIE!$C$2:$C$501,LISTES!$G$6)) | J26: =IF(LISTES!$G$6="",0,SUMIFS(SAISIE!$L$2:$L$501,SAISIE!$C$2:$C$501,LISTES!$G$6)) | K26: =IF(LISTES!$G$6="",0,SUMIFS(SAISIE!$M$2:$M$501,SAISIE!$C$2:$C$501,LISTES!$G$6)) | L26: =IF(LISTES!$G$6="",0,SUMIFS(SAISIE!$N$2:$N$501,SAISIE!$C$2:$C$501,LISTES!$G$6)) | M26: =SUM(C26:L26) | N26: =IFERROR(IF(B26=0,"",B26-M26),"") | O26: =IFERROR(IF(B26=0,"",M26/B26),"")
A27: =LISTES!$G$7 | B27: =SUIVI_RTR!F22 | C27: =IF(LISTES!$G$7="",0,SUMIFS(SAISIE!$E$2:$E$501,SAISIE!$C$2:$C$501,LISTES!$G$7)) | D27: =IF(LISTES!$G$7="",0,SUMIFS(SAISIE!$F$2:$F$501,SAISIE!$C$2:$C$501,LISTES!$G$7)) | E27: =IF(LISTES!$G$7="",0,SUMIFS(SAISIE!$G$2:$G$501,SAISIE!$C$2:$C$501,LISTES!$G$7)) | F27: =IF(LISTES!$G$7="",0,SUMIFS(SAISIE!$H$2:$H$501,SAISIE!$C$2:$C$501,LISTES!$G$7)) | G27: =IF(LISTES!$G$7="",0,SUMIFS(SAISIE!$I$2:$I$501,SAISIE!$C$2:$C$501,LISTES!$G$7)) | H27: =IF(LISTES!$G$7="",0,SUMIFS(SAISIE!$J$2:$J$501,SAISIE!$C$2:$C$501,LISTES!$G$7)) | I27: =IF(LISTES!$G$7="",0,SUMIFS(SAISIE!$K$2:$K$501,SAISIE!$C$2:$C$501,LISTES!$G$7)) | J27: =IF(LISTES!$G$7="",0,SUMIFS(SAISIE!$L$2:$L$501,SAISIE!$C$2:$C$501,LISTES!$G$7)) | K27: =IF(LISTES!$G$7="",0,SUMIFS(SAISIE!$M$2:$M$501,SAISIE!$C$2:$C$501,LISTES!$G$7)) | L27: =IF(LISTES!$G$7="",0,SUMIFS(SAISIE!$N$2:$N$501,SAISIE!$C$2:$C$501,LISTES!$G$7)) | M27: =SUM(C27:L27) | N27: =IFERROR(IF(B27=0,"",B27-M27),"") | O27: =IFERROR(IF(B27=0,"",M27/B27),"")
A28: =LISTES!$G$8 | B28: =SUIVI_RTR!F23 | C28: =IF(LISTES!$G$8="",0,SUMIFS(SAISIE!$E$2:$E$501,SAISIE!$C$2:$C$501,LISTES!$G$8)) | D28: =IF(LISTES!$G$8="",0,SUMIFS(SAISIE!$F$2:$F$501,SAISIE!$C$2:$C$501,LISTES!$G$8)) | E28: =IF(LISTES!$G$8="",0,SUMIFS(SAISIE!$G$2:$G$501,SAISIE!$C$2:$C$501,LISTES!$G$8)) | F28: =IF(LISTES!$G$8="",0,SUMIFS(SAISIE!$H$2:$H$501,SAISIE!$C$2:$C$501,LISTES!$G$8)) | G28: =IF(LISTES!$G$8="",0,SUMIFS(SAISIE!$I$2:$I$501,SAISIE!$C$2:$C$501,LISTES!$G$8)) | H28: =IF(LISTES!$G$8="",0,SUMIFS(SAISIE!$J$2:$J$501,SAISIE!$C$2:$C$501,LISTES!$G$8)) | I28: =IF(LISTES!$G$8="",0,SUMIFS(SAISIE!$K$2:$K$501,SAISIE!$C$2:$C$501,LISTES!$G$8)) | J28: =IF(LISTES!$G$8="",0,SUMIFS(SAISIE!$L$2:$L$501,SAISIE!$C$2:$C$501,LISTES!$G$8)) | K28: =IF(LISTES!$G$8="",0,SUMIFS(SAISIE!$M$2:$M$501,SAISIE!$C$2:$C$501,LISTES!$G$8)) | L28: =IF(LISTES!$G$8="",0,SUMIFS(SAISIE!$N$2:$N$501,SAISIE!$C$2:$C$501,LISTES!$G$8)) | M28: =SUM(C28:L28) | N28: =IFERROR(IF(B28=0,"",B28-M28),"") | O28: =IFERROR(IF(B28=0,"",M28/B28),"")
A29: =LISTES!$G$9 | B29: =SUIVI_RTR!F24 | C29: =IF(LISTES!$G$9="",0,SUMIFS(SAISIE!$E$2:$E$501,SAISIE!$C$2:$C$501,LISTES!$G$9)) | D29: =IF(LISTES!$G$9="",0,SUMIFS(SAISIE!$F$2:$F$501,SAISIE!$C$2:$C$501,LISTES!$G$9)) | E29: =IF(LISTES!$G$9="",0,SUMIFS(SAISIE!$G$2:$G$501,SAISIE!$C$2:$C$501,LISTES!$G$9)) | F29: =IF(LISTES!$G$9="",0,SUMIFS(SAISIE!$H$2:$H$501,SAISIE!$C$2:$C$501,LISTES!$G$9)) | G29: =IF(LISTES!$G$9="",0,SUMIFS(SAISIE!$I$2:$I$501,SAISIE!$C$2:$C$501,LISTES!$G$9)) | H29: =IF(LISTES!$G$9="",0,SUMIFS(SAISIE!$J$2:$J$501,SAISIE!$C$2:$C$501,LISTES!$G$9)) | I29: =IF(LISTES!$G$9="",0,SUMIFS(SAISIE!$K$2:$K$501,SAISIE!$C$2:$C$501,LISTES!$G$9)) | J29: =IF(LISTES!$G$9="",0,SUMIFS(SAISIE!$L$2:$L$501,SAISIE!$C$2:$C$501,LISTES!$G$9)) | K29: =IF(LISTES!$G$9="",0,SUMIFS(SAISIE!$M$2:$M$501,SAISIE!$C$2:$C$501,LISTES!$G$9)) | L29: =IF(LISTES!$G$9="",0,SUMIFS(SAISIE!$N$2:$N$501,SAISIE!$C$2:$C$501,LISTES!$G$9)) | M29: =SUM(C29:L29) | N29: =IFERROR(IF(B29=0,"",B29-M29),"") | O29: =IFERROR(IF(B29=0,"",M29/B29),"")
A30: =LISTES!$G$10 | B30: =SUIVI_RTR!F25 | C30: =IF(LISTES!$G$10="",0,SUMIFS(SAISIE!$E$2:$E$501,SAISIE!$C$2:$C$501,LISTES!$G$10)) | D30: =IF(LISTES!$G$10="",0,SUMIFS(SAISIE!$F$2:$F$501,SAISIE!$C$2:$C$501,LISTES!$G$10)) | E30: =IF(LISTES!$G$10="",0,SUMIFS(SAISIE!$G$2:$G$501,SAISIE!$C$2:$C$501,LISTES!$G$10)) | F30: =IF(LISTES!$G$10="",0,SUMIFS(SAISIE!$H$2:$H$501,SAISIE!$C$2:$C$501,LISTES!$G$10)) | G30: =IF(LISTES!$G$10="",0,SUMIFS(SAISIE!$I$2:$I$501,SAISIE!$C$2:$C$501,LISTES!$G$10)) | H30: =IF(LISTES!$G$10="",0,SUMIFS(SAISIE!$J$2:$J$501,SAISIE!$C$2:$C$501,LISTES!$G$10)) | I30: =IF(LISTES!$G$10="",0,SUMIFS(SAISIE!$K$2:$K$501,SAISIE!$C$2:$C$501,LISTES!$G$10)) | J30: =IF(LISTES!$G$10="",0,SUMIFS(SAISIE!$L$2:$L$501,SAISIE!$C$2:$C$501,LISTES!$G$10)) | K30: =IF(LISTES!$G$10="",0,SUMIFS(SAISIE!$M$2:$M$501,SAISIE!$C$2:$C$501,LISTES!$G$10)) | L30: =IF(LISTES!$G$10="",0,SUMIFS(SAISIE!$N$2:$N$501,SAISIE!$C$2:$C$501,LISTES!$G$10)) | M30: =SUM(C30:L30) | N30: =IFERROR(IF(B30=0,"",B30-M30),"") | O30: =IFERROR(IF(B30=0,"",M30/B30),"")
A31: =LISTES!$G$11 | B31: =SUIVI_RTR!F26 | C31: =IF(LISTES!$G$11="",0,SUMIFS(SAISIE!$E$2:$E$501,SAISIE!$C$2:$C$501,LISTES!$G$11)) | D31: =IF(LISTES!$G$11="",0,SUMIFS(SAISIE!$F$2:$F$501,SAISIE!$C$2:$C$501,LISTES!$G$11)) | E31: =IF(LISTES!$G$11="",0,SUMIFS(SAISIE!$G$2:$G$501,SAISIE!$C$2:$C$501,LISTES!$G$11)) | F31: =IF(LISTES!$G$11="",0,SUMIFS(SAISIE!$H$2:$H$501,SAISIE!$C$2:$C$501,LISTES!$G$11)) | G31: =IF(LISTES!$G$11="",0,SUMIFS(SAISIE!$I$2:$I$501,SAISIE!$C$2:$C$501,LISTES!$G$11)) | H31: =IF(LISTES!$G$11="",0,SUMIFS(SAISIE!$J$2:$J$501,SAISIE!$C$2:$C$501,LISTES!$G$11)) | I31: =IF(LISTES!$G$11="",0,SUMIFS(SAISIE!$K$2:$K$501,SAISIE!$C$2:$C$501,LISTES!$G$11)) | J31: =IF(LISTES!$G$11="",0,SUMIFS(SAISIE!$L$2:$L$501,SAISIE!$C$2:$C$501,LISTES!$G$11)) | K31: =IF(LISTES!$G$11="",0,SUMIFS(SAISIE!$M$2:$M$501,SAISIE!$C$2:$C$501,LISTES!$G$11)) | L31: =IF(LISTES!$G$11="",0,SUMIFS(SAISIE!$N$2:$N$501,SAISIE!$C$2:$C$501,LISTES!$G$11)) | M31: =SUM(C31:L31) | N31: =IFERROR(IF(B31=0,"",B31-M31),"") | O31: =IFERROR(IF(B31=0,"",M31/B31),"")
A32: Sous-total | B32: =SUMIF(B22:B31,"<>") | C32: =SUM(C22:C31) | D32: =SUM(D22:D31) | E32: =SUM(E22:E31) | F32: =SUM(F22:F31) | G32: =SUM(G22:G31) | H32: =SUM(H22:H31) | I32: =SUM(I22:I31) | J32: =SUM(J22:J31) | ... M32: =SUM(M22:M31) | N32: =IFERROR(IF(B32=0,"",B32-M32),"") | O32: =IFERROR(IF(B32=0,"",M32/B32),"")
A34: ▸ RTR NEUTRONIQUES
A35: =LISTES!$I$2 | B35: =SUIVI_RTR!F31 | C35: =IF(LISTES!$I$2="",0,SUMIFS(SAISIE!$E$2:$E$501,SAISIE!$C$2:$C$501,LISTES!$I$2)) | D35: =IF(LISTES!$I$2="",0,SUMIFS(SAISIE!$F$2:$F$501,SAISIE!$C$2:$C$501,LISTES!$I$2)) | E35: =IF(LISTES!$I$2="",0,SUMIFS(SAISIE!$G$2:$G$501,SAISIE!$C$2:$C$501,LISTES!$I$2)) | F35: =IF(LISTES!$I$2="",0,SUMIFS(SAISIE!$H$2:$H$501,SAISIE!$C$2:$C$501,LISTES!$I$2)) | G35: =IF(LISTES!$I$2="",0,SUMIFS(SAISIE!$I$2:$I$501,SAISIE!$C$2:$C$501,LISTES!$I$2)) | H35: =IF(LISTES!$I$2="",0,SUMIFS(SAISIE!$J$2:$J$501,SAISIE!$C$2:$C$501,LISTES!$I$2)) | I35: =IF(LISTES!$I$2="",0,SUMIFS(SAISIE!$K$2:$K$501,SAISIE!$C$2:$C$501,LISTES!$I$2)) | J35: =IF(LISTES!$I$2="",0,SUMIFS(SAISIE!$L$2:$L$501,SAISIE!$C$2:$C$501,LISTES!$I$2)) | K35: =IF(LISTES!$I$2="",0,SUMIFS(SAISIE!$M$2:$M$501,SAISIE!$C$2:$C$501,LISTES!$I$2)) | L35: =IF(LISTES!$I$2="",0,SUMIFS(SAISIE!$N$2:$N$501,SAISIE!$C$2:$C$501,LISTES!$I$2)) | M35: =SUM(C35:L35) | N35: =IFERROR(IF(B35=0,"",B35-M35),"") | O35: =IFERROR(IF(B35=0,"",M35/B35),"")
A36: =LISTES!$I$3 | B36: =SUIVI_RTR!F32 | C36: =IF(LISTES!$I$3="",0,SUMIFS(SAISIE!$E$2:$E$501,SAISIE!$C$2:$C$501,LISTES!$I$3)) | D36: =IF(LISTES!$I$3="",0,SUMIFS(SAISIE!$F$2:$F$501,SAISIE!$C$2:$C$501,LISTES!$I$3)) | E36: =IF(LISTES!$I$3="",0,SUMIFS(SAISIE!$G$2:$G$501,SAISIE!$C$2:$C$501,LISTES!$I$3)) | F36: =IF(LISTES!$I$3="",0,SUMIFS(SAISIE!$H$2:$H$501,SAISIE!$C$2:$C$501,LISTES!$I$3)) | G36: =IF(LISTES!$I$3="",0,SUMIFS(SAISIE!$I$2:$I$501,SAISIE!$C$2:$C$501,LISTES!$I$3)) | H36: =IF(LISTES!$I$3="",0,SUMIFS(SAISIE!$J$2:$J$501,SAISIE!$C$2:$C$501,LISTES!$I$3)) | I36: =IF(LISTES!$I$3="",0,SUMIFS(SAISIE!$K$2:$K$501,SAISIE!$C$2:$C$501,LISTES!$I$3)) | J36: =IF(LISTES!$I$3="",0,SUMIFS(SAISIE!$L$2:$L$501,SAISIE!$C$2:$C$501,LISTES!$I$3)) | K36: =IF(LISTES!$I$3="",0,SUMIFS(SAISIE!$M$2:$M$501,SAISIE!$C$2:$C$501,LISTES!$I$3)) | L36: =IF(LISTES!$I$3="",0,SUMIFS(SAISIE!$N$2:$N$501,SAISIE!$C$2:$C$501,LISTES!$I$3)) | M36: =SUM(C36:L36) | N36: =IFERROR(IF(B36=0,"",B36-M36),"") | O36: =IFERROR(IF(B36=0,"",M36/B36),"")
A37: =LISTES!$I$4 | B37: =SUIVI_RTR!F33 | C37: =IF(LISTES!$I$4="",0,SUMIFS(SAISIE!$E$2:$E$501,SAISIE!$C$2:$C$501,LISTES!$I$4)) | D37: =IF(LISTES!$I$4="",0,SUMIFS(SAISIE!$F$2:$F$501,SAISIE!$C$2:$C$501,LISTES!$I$4)) | E37: =IF(LISTES!$I$4="",0,SUMIFS(SAISIE!$G$2:$G$501,SAISIE!$C$2:$C$501,LISTES!$I$4)) | F37: =IF(LISTES!$I$4="",0,SUMIFS(SAISIE!$H$2:$H$501,SAISIE!$C$2:$C$501,LISTES!$I$4)) | G37: =IF(LISTES!$I$4="",0,SUMIFS(SAISIE!$I$2:$I$501,SAISIE!$C$2:$C$501,LISTES!$I$4)) | H37: =IF(LISTES!$I$4="",0,SUMIFS(SAISIE!$J$2:$J$501,SAISIE!$C$2:$C$501,LISTES!$I$4)) | I37: =IF(LISTES!$I$4="",0,SUMIFS(SAISIE!$K$2:$K$501,SAISIE!$C$2:$C$501,LISTES!$I$4)) | J37: =IF(LISTES!$I$4="",0,SUMIFS(SAISIE!$L$2:$L$501,SAISIE!$C$2:$C$501,LISTES!$I$4)) | K37: =IF(LISTES!$I$4="",0,SUMIFS(SAISIE!$M$2:$M$501,SAISIE!$C$2:$C$501,LISTES!$I$4)) | L37: =IF(LISTES!$I$4="",0,SUMIFS(SAISIE!$N$2:$N$501,SAISIE!$C$2:$C$501,LISTES!$I$4)) | M37: =SUM(C37:L37) | N37: =IFERROR(IF(B37=0,"",B37-M37),"") | O37: =IFERROR(IF(B37=0,"",M37/B37),"")
A38: =LISTES!$I$5 | B38: =SUIVI_RTR!F34 | C38: =IF(LISTES!$I$5="",0,SUMIFS(SAISIE!$E$2:$E$501,SAISIE!$C$2:$C$501,LISTES!$I$5)) | D38: =IF(LISTES!$I$5="",0,SUMIFS(SAISIE!$F$2:$F$501,SAISIE!$C$2:$C$501,LISTES!$I$5)) | E38: =IF(LISTES!$I$5="",0,SUMIFS(SAISIE!$G$2:$G$501,SAISIE!$C$2:$C$501,LISTES!$I$5)) | F38: =IF(LISTES!$I$5="",0,SUMIFS(SAISIE!$H$2:$H$501,SAISIE!$C$2:$C$501,LISTES!$I$5)) | G38: =IF(LISTES!$I$5="",0,SUMIFS(SAISIE!$I$2:$I$501,SAISIE!$C$2:$C$501,LISTES!$I$5)) | H38: =IF(LISTES!$I$5="",0,SUMIFS(SAISIE!$J$2:$J$501,SAISIE!$C$2:$C$501,LISTES!$I$5)) | I38: =IF(LISTES!$I$5="",0,SUMIFS(SAISIE!$K$2:$K$501,SAISIE!$C$2:$C$501,LISTES!$I$5)) | J38: =IF(LISTES!$I$5="",0,SUMIFS(SAISIE!$L$2:$L$501,SAISIE!$C$2:$C$501,LISTES!$I$5)) | K38: =IF(LISTES!$I$5="",0,SUMIFS(SAISIE!$M$2:$M$501,SAISIE!$C$2:$C$501,LISTES!$I$5)) | L38: =IF(LISTES!$I$5="",0,SUMIFS(SAISIE!$N$2:$N$501,SAISIE!$C$2:$C$501,LISTES!$I$5)) | M38: =SUM(C38:L38) | N38: =IFERROR(IF(B38=0,"",B38-M38),"") | O38: =IFERROR(IF(B38=0,"",M38/B38),"")
A39: =LISTES!$I$6 | B39: =SUIVI_RTR!F35 | C39: =IF(LISTES!$I$6="",0,SUMIFS(SAISIE!$E$2:$E$501,SAISIE!$C$2:$C$501,LISTES!$I$6)) | D39: =IF(LISTES!$I$6="",0,SUMIFS(SAISIE!$F$2:$F$501,SAISIE!$C$2:$C$501,LISTES!$I$6)) | E39: =IF(LISTES!$I$6="",0,SUMIFS(SAISIE!$G$2:$G$501,SAISIE!$C$2:$C$501,LISTES!$I$6)) | F39: =IF(LISTES!$I$6="",0,SUMIFS(SAISIE!$H$2:$H$501,SAISIE!$C$2:$C$501,LISTES!$I$6)) | G39: =IF(LISTES!$I$6="",0,SUMIFS(SAISIE!$I$2:$I$501,SAISIE!$C$2:$C$501,LISTES!$I$6)) | H39: =IF(LISTES!$I$6="",0,SUMIFS(SAISIE!$J$2:$J$501,SAISIE!$C$2:$C$501,LISTES!$I$6)) | I39: =IF(LISTES!$I$6="",0,SUMIFS(SAISIE!$K$2:$K$501,SAISIE!$C$2:$C$501,LISTES!$I$6)) | J39: =IF(LISTES!$I$6="",0,SUMIFS(SAISIE!$L$2:$L$501,SAISIE!$C$2:$C$501,LISTES!$I$6)) | K39: =IF(LISTES!$I$6="",0,SUMIFS(SAISIE!$M$2:$M$501,SAISIE!$C$2:$C$501,LISTES!$I$6)) | L39: =IF(LISTES!$I$6="",0,SUMIFS(SAISIE!$N$2:$N$501,SAISIE!$C$2:$C$501,LISTES!$I$6)) | M39: =SUM(C39:L39) | N39: =IFERROR(IF(B39=0,"",B39-M39),"") | O39: =IFERROR(IF(B39=0,"",M39/B39),"")
A40: =LISTES!$I$7 | B40: =SUIVI_RTR!F36 | C40: =IF(LISTES!$I$7="",0,SUMIFS(SAISIE!$E$2:$E$501,SAISIE!$C$2:$C$501,LISTES!$I$7)) | D40: =IF(LISTES!$I$7="",0,SUMIFS(SAISIE!$F$2:$F$501,SAISIE!$C$2:$C$501,LISTES!$I$7)) | E40: =IF(LISTES!$I$7="",0,SUMIFS(SAISIE!$G$2:$G$501,SAISIE!$C$2:$C$501,LISTES!$I$7)) | F40: =IF(LISTES!$I$7="",0,SUMIFS(SAISIE!$H$2:$H$501,SAISIE!$C$2:$C$501,LISTES!$I$7)) | G40: =IF(LISTES!$I$7="",0,SUMIFS(SAISIE!$I$2:$I$501,SAISIE!$C$2:$C$501,LISTES!$I$7)) | H40: =IF(LISTES!$I$7="",0,SUMIFS(SAISIE!$J$2:$J$501,SAISIE!$C$2:$C$501,LISTES!$I$7)) | I40: =IF(LISTES!$I$7="",0,SUMIFS(SAISIE!$K$2:$K$501,SAISIE!$C$2:$C$501,LISTES!$I$7)) | J40: =IF(LISTES!$I$7="",0,SUMIFS(SAISIE!$L$2:$L$501,SAISIE!$C$2:$C$501,LISTES!$I$7)) | K40: =IF(LISTES!$I$7="",0,SUMIFS(SAISIE!$M$2:$M$501,SAISIE!$C$2:$C$501,LISTES!$I$7)) | L40: =IF(LISTES!$I$7="",0,SUMIFS(SAISIE!$N$2:$N$501,SAISIE!$C$2:$C$501,LISTES!$I$7)) | M40: =SUM(C40:L40) | N40: =IFERROR(IF(B40=0,"",B40-M40),"") | O40: =IFERROR(IF(B40=0,"",M40/B40),"")
A41: =LISTES!$I$8 | B41: =SUIVI_RTR!F37 | C41: =IF(LISTES!$I$8="",0,SUMIFS(SAISIE!$E$2:$E$501,SAISIE!$C$2:$C$501,LISTES!$I$8)) | D41: =IF(LISTES!$I$8="",0,SUMIFS(SAISIE!$F$2:$F$501,SAISIE!$C$2:$C$501,LISTES!$I$8)) | E41: =IF(LISTES!$I$8="",0,SUMIFS(SAISIE!$G$2:$G$501,SAISIE!$C$2:$C$501,LISTES!$I$8)) | F41: =IF(LISTES!$I$8="",0,SUMIFS(SAISIE!$H$2:$H$501,SAISIE!$C$2:$C$501,LISTES!$I$8)) | G41: =IF(LISTES!$I$8="",0,SUMIFS(SAISIE!$I$2:$I$501,SAISIE!$C$2:$C$501,LISTES!$I$8)) | H41: =IF(LISTES!$I$8="",0,SUMIFS(SAISIE!$J$2:$J$501,SAISIE!$C$2:$C$501,LISTES!$I$8)) | I41: =IF(LISTES!$I$8="",0,SUMIFS(SAISIE!$K$2:$K$501,SAISIE!$C$2:$C$501,LISTES!$I$8)) | J41: =IF(LISTES!$I$8="",0,SUMIFS(SAISIE!$L$2:$L$501,SAISIE!$C$2:$C$501,LISTES!$I$8)) | K41: =IF(LISTES!$I$8="",0,SUMIFS(SAISIE!$M$2:$M$501,SAISIE!$C$2:$C$501,LISTES!$I$8)) | L41: =IF(LISTES!$I$8="",0,SUMIFS(SAISIE!$N$2:$N$501,SAISIE!$C$2:$C$501,LISTES!$I$8)) | M41: =SUM(C41:L41) | N41: =IFERROR(IF(B41=0,"",B41-M41),"") | O41: =IFERROR(IF(B41=0,"",M41/B41),"")
A42: =LISTES!$I$9 | B42: =SUIVI_RTR!F38 | C42: =IF(LISTES!$I$9="",0,SUMIFS(SAISIE!$E$2:$E$501,SAISIE!$C$2:$C$501,LISTES!$I$9)) | D42: =IF(LISTES!$I$9="",0,SUMIFS(SAISIE!$F$2:$F$501,SAISIE!$C$2:$C$501,LISTES!$I$9)) | E42: =IF(LISTES!$I$9="",0,SUMIFS(SAISIE!$G$2:$G$501,SAISIE!$C$2:$C$501,LISTES!$I$9)) | F42: =IF(LISTES!$I$9="",0,SUMIFS(SAISIE!$H$2:$H$501,SAISIE!$C$2:$C$501,LISTES!$I$9)) | G42: =IF(LISTES!$I$9="",0,SUMIFS(SAISIE!$I$2:$I$501,SAISIE!$C$2:$C$501,LISTES!$I$9)) | H42: =IF(LISTES!$I$9="",0,SUMIFS(SAISIE!$J$2:$J$501,SAISIE!$C$2:$C$501,LISTES!$I$9)) | I42: =IF(LISTES!$I$9="",0,SUMIFS(SAISIE!$K$2:$K$501,SAISIE!$C$2:$C$501,LISTES!$I$9)) | J42: =IF(LISTES!$I$9="",0,SUMIFS(SAISIE!$L$2:$L$501,SAISIE!$C$2:$C$501,LISTES!$I$9)) | K42: =IF(LISTES!$I$9="",0,SUMIFS(SAISIE!$M$2:$M$501,SAISIE!$C$2:$C$501,LISTES!$I$9)) | L42: =IF(LISTES!$I$9="",0,SUMIFS(SAISIE!$N$2:$N$501,SAISIE!$C$2:$C$501,LISTES!$I$9)) | M42: =SUM(C42:L42) | N42: =IFERROR(IF(B42=0,"",B42-M42),"") | O42: =IFERROR(IF(B42=0,"",M42/B42),"")
A43: =LISTES!$I$10 | B43: =SUIVI_RTR!F39 | C43: =IF(LISTES!$I$10="",0,SUMIFS(SAISIE!$E$2:$E$501,SAISIE!$C$2:$C$501,LISTES!$I$10)) | D43: =IF(LISTES!$I$10="",0,SUMIFS(SAISIE!$F$2:$F$501,SAISIE!$C$2:$C$501,LISTES!$I$10)) | E43: =IF(LISTES!$I$10="",0,SUMIFS(SAISIE!$G$2:$G$501,SAISIE!$C$2:$C$501,LISTES!$I$10)) | F43: =IF(LISTES!$I$10="",0,SUMIFS(SAISIE!$H$2:$H$501,SAISIE!$C$2:$C$501,LISTES!$I$10)) | G43: =IF(LISTES!$I$10="",0,SUMIFS(SAISIE!$I$2:$I$501,SAISIE!$C$2:$C$501,LISTES!$I$10)) | H43: =IF(LISTES!$I$10="",0,SUMIFS(SAISIE!$J$2:$J$501,SAISIE!$C$2:$C$501,LISTES!$I$10)) | I43: =IF(LISTES!$I$10="",0,SUMIFS(SAISIE!$K$2:$K$501,SAISIE!$C$2:$C$501,LISTES!$I$10)) | J43: =IF(LISTES!$I$10="",0,SUMIFS(SAISIE!$L$2:$L$501,SAISIE!$C$2:$C$501,LISTES!$I$10)) | K43: =IF(LISTES!$I$10="",0,SUMIFS(SAISIE!$M$2:$M$501,SAISIE!$C$2:$C$501,LISTES!$I$10)) | L43: =IF(LISTES!$I$10="",0,SUMIFS(SAISIE!$N$2:$N$501,SAISIE!$C$2:$C$501,LISTES!$I$10)) | M43: =SUM(C43:L43) | N43: =IFERROR(IF(B43=0,"",B43-M43),"") | O43: =IFERROR(IF(B43=0,"",M43/B43),"")
A44: =LISTES!$I$11 | B44: =SUIVI_RTR!F40 | C44: =IF(LISTES!$I$11="",0,SUMIFS(SAISIE!$E$2:$E$501,SAISIE!$C$2:$C$501,LISTES!$I$11)) | D44: =IF(LISTES!$I$11="",0,SUMIFS(SAISIE!$F$2:$F$501,SAISIE!$C$2:$C$501,LISTES!$I$11)) | E44: =IF(LISTES!$I$11="",0,SUMIFS(SAISIE!$G$2:$G$501,SAISIE!$C$2:$C$501,LISTES!$I$11)) | F44: =IF(LISTES!$I$11="",0,SUMIFS(SAISIE!$H$2:$H$501,SAISIE!$C$2:$C$501,LISTES!$I$11)) | G44: =IF(LISTES!$I$11="",0,SUMIFS(SAISIE!$I$2:$I$501,SAISIE!$C$2:$C$501,LISTES!$I$11)) | H44: =IF(LISTES!$I$11="",0,SUMIFS(SAISIE!$J$2:$J$501,SAISIE!$C$2:$C$501,LISTES!$I$11)) | I44: =IF(LISTES!$I$11="",0,SUMIFS(SAISIE!$K$2:$K$501,SAISIE!$C$2:$C$501,LISTES!$I$11)) | J44: =IF(LISTES!$I$11="",0,SUMIFS(SAISIE!$L$2:$L$501,SAISIE!$C$2:$C$501,LISTES!$I$11)) | K44: =IF(LISTES!$I$11="",0,SUMIFS(SAISIE!$M$2:$M$501,SAISIE!$C$2:$C$501,LISTES!$I$11)) | L44: =IF(LISTES!$I$11="",0,SUMIFS(SAISIE!$N$2:$N$501,SAISIE!$C$2:$C$501,LISTES!$I$11)) | M44: =SUM(C44:L44) | N44: =IFERROR(IF(B44=0,"",B44-M44),"") | O44: =IFERROR(IF(B44=0,"",M44/B44),"")
A45: Sous-total | B45: =SUMIF(B35:B44,"<>") | C45: =SUM(C35:C44) | D45: =SUM(D35:D44) | E45: =SUM(E35:E44) | F45: =SUM(F35:F44) | G45: =SUM(G35:G44) | H45: =SUM(H35:H44) | I45: =SUM(I35:I44) | J45: =SUM(J35:J44) | ... M45: =SUM(M35:M44) | N45: =IFERROR(IF(B45=0,"",B45-M45),"") | O45: =IFERROR(IF(B45=0,"",M45/B45),"")
A46: TOTAL GÉNÉRAL | B46: =SUM(B19,B32,B45) | C46: =SUM(C19,C32,C45) | D46: =SUM(D19,D32,D45) | E46: =SUM(E19,E32,E45) | F46: =SUM(F19,F32,F45) | G46: =SUM(G19,G32,G45) | H46: =SUM(H19,H32,H45) | I46: =SUM(I19,I32,I45) | ... M46: =SUM(M19,M32,M45) | N46: =IFERROR(IF(B46=0,"",B46-M46),"") | O46: =IFERROR(IF(B46=0,"",M46/B46),"")
A48: SYNTHÈSE DOSE PAR BÂTIMENT
A49: Bâtiment | B49: Dose Classiques (mSv) | C49: Dose Zone Orange (mSv) | D49: Dose Neutroniques (mSv) | E49: Dose TOTALE (mSv) | F49: Passages (demi-j.) | G49: Jours-Homme | H49: Jours Calendrier
A50: =LISTES!$K$2 | B50: =IFERROR(SUMPRODUCT(ISNUMBER(MATCH(SAISIE!$C$2:$C$501,LISTES!$E$2:$E$11,0))*(SAISIE!$D$2:$D$501=LISTES!$K$2),(SAISIE!$E$2:$E$501+SAISIE!$F$2:$F$501+SAISIE!$G$2:$G$501+SAISIE!$H$2:$H$501+SAISIE!$I$2:$I$501+SAISIE!$J$2:$J$501+SAISIE!$K$2:$K$501+SAISIE!$L$2:$L$501+SAISIE!$M$2:$M$501+SAISIE!$N$2:$N$501)),0) | C50: =IFERROR(SUMPRODUCT(ISNUMBER(MATCH(SAISIE!$C$2:$C$501,LISTES!$G$2:$G$11,0))*(SAISIE!$D$2:$D$501=LISTES!$K$2),(SAISIE!$E$2:$E$501+SAISIE!$F$2:$F$501+SAISIE!$G$2:$G$501+SAISIE!$H$2:$H$501+SAISIE!$I$2:$I$501+SAISIE!$J$2:$J$501+SAISIE!$K$2:$K$501+SAISIE!$L$2:$L$501+SAISIE!$M$2:$M$501+SAISIE!$N$2:$N$501)),0) | D50: =IFERROR(SUMPRODUCT(ISNUMBER(MATCH(SAISIE!$C$2:$C$501,LISTES!$I$2:$I$11,0))*(SAISIE!$D$2:$D$501=LISTES!$K$2),(SAISIE!$E$2:$E$501+SAISIE!$F$2:$F$501+SAISIE!$G$2:$G$501+SAISIE!$H$2:$H$501+SAISIE!$I$2:$I$501+SAISIE!$J$2:$J$501+SAISIE!$K$2:$K$501+SAISIE!$L$2:$L$501+SAISIE!$M$2:$M$501+SAISIE!$N$2:$N$501)),0) | E50: =SUM(B50:D50) | F50: =IFERROR(COUNTIFS(SAISIE!$D$2:$D$501,LISTES!$K$2),0) | G50: =IFERROR(SUMPRODUCT((SAISIE!$D$2:$D$501=LISTES!$K$2)*((SAISIE!$E$2:$E$501>0)+(SAISIE!$F$2:$F$501>0)+(SAISIE!$G$2:$G$501>0)+(SAISIE!$H$2:$H$501>0)+(SAISIE!$I$2:$I$501>0)+(SAISIE!$J$2:$J$501>0)+(SAISIE!$K$2:$K$501>0)+(SAISIE!$L$2:$L$501>0)+(SAISIE!$M$2:$M$501>0)+(SAISIE!$N$2:$N$501>0))),0) | H50: =IFERROR(SUMPRODUCT((SAISIE!$D$2:$D$501=LISTES!$K$2)/(COUNTIFS(SAISIE!$A$2:$A$501,SAISIE!$A$2:$A$501,SAISIE!$D$2:$D$501,LISTES!$K$2)+((SAISIE!$D$2:$D$501<>LISTES!$K$2)*1E9))),0)
A51: =LISTES!$K$3 | B51: =IFERROR(SUMPRODUCT(ISNUMBER(MATCH(SAISIE!$C$2:$C$501,LISTES!$E$2:$E$11,0))*(SAISIE!$D$2:$D$501=LISTES!$K$3),(SAISIE!$E$2:$E$501+SAISIE!$F$2:$F$501+SAISIE!$G$2:$G$501+SAISIE!$H$2:$H$501+SAISIE!$I$2:$I$501+SAISIE!$J$2:$J$501+SAISIE!$K$2:$K$501+SAISIE!$L$2:$L$501+SAISIE!$M$2:$M$501+SAISIE!$N$2:$N$501)),0) | C51: =IFERROR(SUMPRODUCT(ISNUMBER(MATCH(SAISIE!$C$2:$C$501,LISTES!$G$2:$G$11,0))*(SAISIE!$D$2:$D$501=LISTES!$K$3),(SAISIE!$E$2:$E$501+SAISIE!$F$2:$F$501+SAISIE!$G$2:$G$501+SAISIE!$H$2:$H$501+SAISIE!$I$2:$I$501+SAISIE!$J$2:$J$501+SAISIE!$K$2:$K$501+SAISIE!$L$2:$L$501+SAISIE!$M$2:$M$501+SAISIE!$N$2:$N$501)),0) | D51: =IFERROR(SUMPRODUCT(ISNUMBER(MATCH(SAISIE!$C$2:$C$501,LISTES!$I$2:$I$11,0))*(SAISIE!$D$2:$D$501=LISTES!$K$3),(SAISIE!$E$2:$E$501+SAISIE!$F$2:$F$501+SAISIE!$G$2:$G$501+SAISIE!$H$2:$H$501+SAISIE!$I$2:$I$501+SAISIE!$J$2:$J$501+SAISIE!$K$2:$K$501+SAISIE!$L$2:$L$501+SAISIE!$M$2:$M$501+SAISIE!$N$2:$N$501)),0) | E51: =SUM(B51:D51) | F51: =IFERROR(COUNTIFS(SAISIE!$D$2:$D$501,LISTES!$K$3),0) | G51: =IFERROR(SUMPRODUCT((SAISIE!$D$2:$D$501=LISTES!$K$3)*((SAISIE!$E$2:$E$501>0)+(SAISIE!$F$2:$F$501>0)+(SAISIE!$G$2:$G$501>0)+(SAISIE!$H$2:$H$501>0)+(SAISIE!$I$2:$I$501>0)+(SAISIE!$J$2:$J$501>0)+(SAISIE!$K$2:$K$501>0)+(SAISIE!$L$2:$L$501>0)+(SAISIE!$M$2:$M$501>0)+(SAISIE!$N$2:$N$501>0))),0) | H51: =IFERROR(SUMPRODUCT((SAISIE!$D$2:$D$501=LISTES!$K$3)/(COUNTIFS(SAISIE!$A$2:$A$501,SAISIE!$A$2:$A$501,SAISIE!$D$2:$D$501,LISTES!$K$3)+((SAISIE!$D$2:$D$501<>LISTES!$K$3)*1E9))),0)
A52: =LISTES!$K$4 | B52: =IFERROR(SUMPRODUCT(ISNUMBER(MATCH(SAISIE!$C$2:$C$501,LISTES!$E$2:$E$11,0))*(SAISIE!$D$2:$D$501=LISTES!$K$4),(SAISIE!$E$2:$E$501+SAISIE!$F$2:$F$501+SAISIE!$G$2:$G$501+SAISIE!$H$2:$H$501+SAISIE!$I$2:$I$501+SAISIE!$J$2:$J$501+SAISIE!$K$2:$K$501+SAISIE!$L$2:$L$501+SAISIE!$M$2:$M$501+SAISIE!$N$2:$N$501)),0) | C52: =IFERROR(SUMPRODUCT(ISNUMBER(MATCH(SAISIE!$C$2:$C$501,LISTES!$G$2:$G$11,0))*(SAISIE!$D$2:$D$501=LISTES!$K$4),(SAISIE!$E$2:$E$501+SAISIE!$F$2:$F$501+SAISIE!$G$2:$G$501+SAISIE!$H$2:$H$501+SAISIE!$I$2:$I$501+SAISIE!$J$2:$J$501+SAISIE!$K$2:$K$501+SAISIE!$L$2:$L$501+SAISIE!$M$2:$M$501+SAISIE!$N$2:$N$501)),0) | D52: =IFERROR(SUMPRODUCT(ISNUMBER(MATCH(SAISIE!$C$2:$C$501,LISTES!$I$2:$I$11,0))*(SAISIE!$D$2:$D$501=LISTES!$K$4),(SAISIE!$E$2:$E$501+SAISIE!$F$2:$F$501+SAISIE!$G$2:$G$501+SAISIE!$H$2:$H$501+SAISIE!$I$2:$I$501+SAISIE!$J$2:$J$501+SAISIE!$K$2:$K$501+SAISIE!$L$2:$L$501+SAISIE!$M$2:$M$501+SAISIE!$N$2:$N$501)),0) | E52: =SUM(B52:D52) | F52: =IFERROR(COUNTIFS(SAISIE!$D$2:$D$501,LISTES!$K$4),0) | G52: =IFERROR(SUMPRODUCT((SAISIE!$D$2:$D$501=LISTES!$K$4)*((SAISIE!$E$2:$E$501>0)+(SAISIE!$F$2:$F$501>0)+(SAISIE!$G$2:$G$501>0)+(SAISIE!$H$2:$H$501>0)+(SAISIE!$I$2:$I$501>0)+(SAISIE!$J$2:$J$501>0)+(SAISIE!$K$2:$K$501>0)+(SAISIE!$L$2:$L$501>0)+(SAISIE!$M$2:$M$501>0)+(SAISIE!$N$2:$N$501>0))),0) | H52: =IFERROR(SUMPRODUCT((SAISIE!$D$2:$D$501=LISTES!$K$4)/(COUNTIFS(SAISIE!$A$2:$A$501,SAISIE!$A$2:$A$501,SAISIE!$D$2:$D$501,LISTES!$K$4)+((SAISIE!$D$2:$D$501<>LISTES!$K$4)*1E9))),0)
A53: =LISTES!$K$5 | B53: =IFERROR(SUMPRODUCT(ISNUMBER(MATCH(SAISIE!$C$2:$C$501,LISTES!$E$2:$E$11,0))*(SAISIE!$D$2:$D$501=LISTES!$K$5),(SAISIE!$E$2:$E$501+SAISIE!$F$2:$F$501+SAISIE!$G$2:$G$501+SAISIE!$H$2:$H$501+SAISIE!$I$2:$I$501+SAISIE!$J$2:$J$501+SAISIE!$K$2:$K$501+SAISIE!$L$2:$L$501+SAISIE!$M$2:$M$501+SAISIE!$N$2:$N$501)),0) | C53: =IFERROR(SUMPRODUCT(ISNUMBER(MATCH(SAISIE!$C$2:$C$501,LISTES!$G$2:$G$11,0))*(SAISIE!$D$2:$D$501=LISTES!$K$5),(SAISIE!$E$2:$E$501+SAISIE!$F$2:$F$501+SAISIE!$G$2:$G$501+SAISIE!$H$2:$H$501+SAISIE!$I$2:$I$501+SAISIE!$J$2:$J$501+SAISIE!$K$2:$K$501+SAISIE!$L$2:$L$501+SAISIE!$M$2:$M$501+SAISIE!$N$2:$N$501)),0) | D53: =IFERROR(SUMPRODUCT(ISNUMBER(MATCH(SAISIE!$C$2:$C$501,LISTES!$I$2:$I$11,0))*(SAISIE!$D$2:$D$501=LISTES!$K$5),(SAISIE!$E$2:$E$501+SAISIE!$F$2:$F$501+SAISIE!$G$2:$G$501+SAISIE!$H$2:$H$501+SAISIE!$I$2:$I$501+SAISIE!$J$2:$J$501+SAISIE!$K$2:$K$501+SAISIE!$L$2:$L$501+SAISIE!$M$2:$M$501+SAISIE!$N$2:$N$501)),0) | E53: =SUM(B53:D53) | F53: =IFERROR(COUNTIFS(SAISIE!$D$2:$D$501,LISTES!$K$5),0) | G53: =IFERROR(SUMPRODUCT((SAISIE!$D$2:$D$501=LISTES!$K$5)*((SAISIE!$E$2:$E$501>0)+(SAISIE!$F$2:$F$501>0)+(SAISIE!$G$2:$G$501>0)+(SAISIE!$H$2:$H$501>0)+(SAISIE!$I$2:$I$501>0)+(SAISIE!$J$2:$J$501>0)+(SAISIE!$K$2:$K$501>0)+(SAISIE!$L$2:$L$501>0)+(SAISIE!$M$2:$M$501>0)+(SAISIE!$N$2:$N$501>0))),0) | H53: =IFERROR(SUMPRODUCT((SAISIE!$D$2:$D$501=LISTES!$K$5)/(COUNTIFS(SAISIE!$A$2:$A$501,SAISIE!$A$2:$A$501,SAISIE!$D$2:$D$501,LISTES!$K$5)+((SAISIE!$D$2:$D$501<>LISTES!$K$5)*1E9))),0)
A54: =LISTES!$K$6 | B54: =IFERROR(SUMPRODUCT(ISNUMBER(MATCH(SAISIE!$C$2:$C$501,LISTES!$E$2:$E$11,0))*(SAISIE!$D$2:$D$501=LISTES!$K$6),(SAISIE!$E$2:$E$501+SAISIE!$F$2:$F$501+SAISIE!$G$2:$G$501+SAISIE!$H$2:$H$501+SAISIE!$I$2:$I$501+SAISIE!$J$2:$J$501+SAISIE!$K$2:$K$501+SAISIE!$L$2:$L$501+SAISIE!$M$2:$M$501+SAISIE!$N$2:$N$501)),0) | C54: =IFERROR(SUMPRODUCT(ISNUMBER(MATCH(SAISIE!$C$2:$C$501,LISTES!$G$2:$G$11,0))*(SAISIE!$D$2:$D$501=LISTES!$K$6),(SAISIE!$E$2:$E$501+SAISIE!$F$2:$F$501+SAISIE!$G$2:$G$501+SAISIE!$H$2:$H$501+SAISIE!$I$2:$I$501+SAISIE!$J$2:$J$501+SAISIE!$K$2:$K$501+SAISIE!$L$2:$L$501+SAISIE!$M$2:$M$501+SAISIE!$N$2:$N$501)),0) | D54: =IFERROR(SUMPRODUCT(ISNUMBER(MATCH(SAISIE!$C$2:$C$501,LISTES!$I$2:$I$11,0))*(SAISIE!$D$2:$D$501=LISTES!$K$6),(SAISIE!$E$2:$E$501+SAISIE!$F$2:$F$501+SAISIE!$G$2:$G$501+SAISIE!$H$2:$H$501+SAISIE!$I$2:$I$501+SAISIE!$J$2:$J$501+SAISIE!$K$2:$K$501+SAISIE!$L$2:$L$501+SAISIE!$M$2:$M$501+SAISIE!$N$2:$N$501)),0) | E54: =SUM(B54:D54) | F54: =IFERROR(COUNTIFS(SAISIE!$D$2:$D$501,LISTES!$K$6),0) | G54: =IFERROR(SUMPRODUCT((SAISIE!$D$2:$D$501=LISTES!$K$6)*((SAISIE!$E$2:$E$501>0)+(SAISIE!$F$2:$F$501>0)+(SAISIE!$G$2:$G$501>0)+(SAISIE!$H$2:$H$501>0)+(SAISIE!$I$2:$I$501>0)+(SAISIE!$J$2:$J$501>0)+(SAISIE!$K$2:$K$501>0)+(SAISIE!$L$2:$L$501>0)+(SAISIE!$M$2:$M$501>0)+(SAISIE!$N$2:$N$501>0))),0) | H54: =IFERROR(SUMPRODUCT((SAISIE!$D$2:$D$501=LISTES!$K$6)/(COUNTIFS(SAISIE!$A$2:$A$501,SAISIE!$A$2:$A$501,SAISIE!$D$2:$D$501,LISTES!$K$6)+((SAISIE!$D$2:$D$501<>LISTES!$K$6)*1E9))),0)
A55: =LISTES!$K$7 | B55: =IFERROR(SUMPRODUCT(ISNUMBER(MATCH(SAISIE!$C$2:$C$501,LISTES!$E$2:$E$11,0))*(SAISIE!$D$2:$D$501=LISTES!$K$7),(SAISIE!$E$2:$E$501+SAISIE!$F$2:$F$501+SAISIE!$G$2:$G$501+SAISIE!$H$2:$H$501+SAISIE!$I$2:$I$501+SAISIE!$J$2:$J$501+SAISIE!$K$2:$K$501+SAISIE!$L$2:$L$501+SAISIE!$M$2:$M$501+SAISIE!$N$2:$N$501)),0) | C55: =IFERROR(SUMPRODUCT(ISNUMBER(MATCH(SAISIE!$C$2:$C$501,LISTES!$G$2:$G$11,0))*(SAISIE!$D$2:$D$501=LISTES!$K$7),(SAISIE!$E$2:$E$501+SAISIE!$F$2:$F$501+SAISIE!$G$2:$G$501+SAISIE!$H$2:$H$501+SAISIE!$I$2:$I$501+SAISIE!$J$2:$J$501+SAISIE!$K$2:$K$501+SAISIE!$L$2:$L$501+SAISIE!$M$2:$M$501+SAISIE!$N$2:$N$501)),0) | D55: =IFERROR(SUMPRODUCT(ISNUMBER(MATCH(SAISIE!$C$2:$C$501,LISTES!$I$2:$I$11,0))*(SAISIE!$D$2:$D$501=LISTES!$K$7),(SAISIE!$E$2:$E$501+SAISIE!$F$2:$F$501+SAISIE!$G$2:$G$501+SAISIE!$H$2:$H$501+SAISIE!$I$2:$I$501+SAISIE!$J$2:$J$501+SAISIE!$K$2:$K$501+SAISIE!$L$2:$L$501+SAISIE!$M$2:$M$501+SAISIE!$N$2:$N$501)),0) | E55: =SUM(B55:D55) | F55: =IFERROR(COUNTIFS(SAISIE!$D$2:$D$501,LISTES!$K$7),0) | G55: =IFERROR(SUMPRODUCT((SAISIE!$D$2:$D$501=LISTES!$K$7)*((SAISIE!$E$2:$E$501>0)+(SAISIE!$F$2:$F$501>0)+(SAISIE!$G$2:$G$501>0)+(SAISIE!$H$2:$H$501>0)+(SAISIE!$I$2:$I$501>0)+(SAISIE!$J$2:$J$501>0)+(SAISIE!$K$2:$K$501>0)+(SAISIE!$L$2:$L$501>0)+(SAISIE!$M$2:$M$501>0)+(SAISIE!$N$2:$N$501>0))),0) | H55: =IFERROR(SUMPRODUCT((SAISIE!$D$2:$D$501=LISTES!$K$7)/(COUNTIFS(SAISIE!$A$2:$A$501,SAISIE!$A$2:$A$501,SAISIE!$D$2:$D$501,LISTES!$K$7)+((SAISIE!$D$2:$D$501<>LISTES!$K$7)*1E9))),0)
A56: =LISTES!$K$8 | B56: =IFERROR(SUMPRODUCT(ISNUMBER(MATCH(SAISIE!$C$2:$C$501,LISTES!$E$2:$E$11,0))*(SAISIE!$D$2:$D$501=LISTES!$K$8),(SAISIE!$E$2:$E$501+SAISIE!$F$2:$F$501+SAISIE!$G$2:$G$501+SAISIE!$H$2:$H$501+SAISIE!$I$2:$I$501+SAISIE!$J$2:$J$501+SAISIE!$K$2:$K$501+SAISIE!$L$2:$L$501+SAISIE!$M$2:$M$501+SAISIE!$N$2:$N$501)),0) | C56: =IFERROR(SUMPRODUCT(ISNUMBER(MATCH(SAISIE!$C$2:$C$501,LISTES!$G$2:$G$11,0))*(SAISIE!$D$2:$D$501=LISTES!$K$8),(SAISIE!$E$2:$E$501+SAISIE!$F$2:$F$501+SAISIE!$G$2:$G$501+SAISIE!$H$2:$H$501+SAISIE!$I$2:$I$501+SAISIE!$J$2:$J$501+SAISIE!$K$2:$K$501+SAISIE!$L$2:$L$501+SAISIE!$M$2:$M$501+SAISIE!$N$2:$N$501)),0) | D56: =IFERROR(SUMPRODUCT(ISNUMBER(MATCH(SAISIE!$C$2:$C$501,LISTES!$I$2:$I$11,0))*(SAISIE!$D$2:$D$501=LISTES!$K$8),(SAISIE!$E$2:$E$501+SAISIE!$F$2:$F$501+SAISIE!$G$2:$G$501+SAISIE!$H$2:$H$501+SAISIE!$I$2:$I$501+SAISIE!$J$2:$J$501+SAISIE!$K$2:$K$501+SAISIE!$L$2:$L$501+SAISIE!$M$2:$M$501+SAISIE!$N$2:$N$501)),0) | E56: =SUM(B56:D56) | F56: =IFERROR(COUNTIFS(SAISIE!$D$2:$D$501,LISTES!$K$8),0) | G56: =IFERROR(SUMPRODUCT((SAISIE!$D$2:$D$501=LISTES!$K$8)*((SAISIE!$E$2:$E$501>0)+(SAISIE!$F$2:$F$501>0)+(SAISIE!$G$2:$G$501>0)+(SAISIE!$H$2:$H$501>0)+(SAISIE!$I$2:$I$501>0)+(SAISIE!$J$2:$J$501>0)+(SAISIE!$K$2:$K$501>0)+(SAISIE!$L$2:$L$501>0)+(SAISIE!$M$2:$M$501>0)+(SAISIE!$N$2:$N$501>0))),0) | H56: =IFERROR(SUMPRODUCT((SAISIE!$D$2:$D$501=LISTES!$K$8)/(COUNTIFS(SAISIE!$A$2:$A$501,SAISIE!$A$2:$A$501,SAISIE!$D$2:$D$501,LISTES!$K$8)+((SAISIE!$D$2:$D$501<>LISTES!$K$8)*1E9))),0)
A57: =LISTES!$K$9 | B57: =IFERROR(SUMPRODUCT(ISNUMBER(MATCH(SAISIE!$C$2:$C$501,LISTES!$E$2:$E$11,0))*(SAISIE!$D$2:$D$501=LISTES!$K$9),(SAISIE!$E$2:$E$501+SAISIE!$F$2:$F$501+SAISIE!$G$2:$G$501+SAISIE!$H$2:$H$501+SAISIE!$I$2:$I$501+SAISIE!$J$2:$J$501+SAISIE!$K$2:$K$501+SAISIE!$L$2:$L$501+SAISIE!$M$2:$M$501+SAISIE!$N$2:$N$501)),0) | C57: =IFERROR(SUMPRODUCT(ISNUMBER(MATCH(SAISIE!$C$2:$C$501,LISTES!$G$2:$G$11,0))*(SAISIE!$D$2:$D$501=LISTES!$K$9),(SAISIE!$E$2:$E$501+SAISIE!$F$2:$F$501+SAISIE!$G$2:$G$501+SAISIE!$H$2:$H$501+SAISIE!$I$2:$I$501+SAISIE!$J$2:$J$501+SAISIE!$K$2:$K$501+SAISIE!$L$2:$L$501+SAISIE!$M$2:$M$501+SAISIE!$N$2:$N$501)),0) | D57: =IFERROR(SUMPRODUCT(ISNUMBER(MATCH(SAISIE!$C$2:$C$501,LISTES!$I$2:$I$11,0))*(SAISIE!$D$2:$D$501=LISTES!$K$9),(SAISIE!$E$2:$E$501+SAISIE!$F$2:$F$501+SAISIE!$G$2:$G$501+SAISIE!$H$2:$H$501+SAISIE!$I$2:$I$501+SAISIE!$J$2:$J$501+SAISIE!$K$2:$K$501+SAISIE!$L$2:$L$501+SAISIE!$M$2:$M$501+SAISIE!$N$2:$N$501)),0) | E57: =SUM(B57:D57) | F57: =IFERROR(COUNTIFS(SAISIE!$D$2:$D$501,LISTES!$K$9),0) | G57: =IFERROR(SUMPRODUCT((SAISIE!$D$2:$D$501=LISTES!$K$9)*((SAISIE!$E$2:$E$501>0)+(SAISIE!$F$2:$F$501>0)+(SAISIE!$G$2:$G$501>0)+(SAISIE!$H$2:$H$501>0)+(SAISIE!$I$2:$I$501>0)+(SAISIE!$J$2:$J$501>0)+(SAISIE!$K$2:$K$501>0)+(SAISIE!$L$2:$L$501>0)+(SAISIE!$M$2:$M$501>0)+(SAISIE!$N$2:$N$501>0))),0) | H57: =IFERROR(SUMPRODUCT((SAISIE!$D$2:$D$501=LISTES!$K$9)/(COUNTIFS(SAISIE!$A$2:$A$501,SAISIE!$A$2:$A$501,SAISIE!$D$2:$D$501,LISTES!$K$9)+((SAISIE!$D$2:$D$501<>LISTES!$K$9)*1E9))),0)
A58: =LISTES!$K$10 | B58: =IFERROR(SUMPRODUCT(ISNUMBER(MATCH(SAISIE!$C$2:$C$501,LISTES!$E$2:$E$11,0))*(SAISIE!$D$2:$D$501=LISTES!$K$10),(SAISIE!$E$2:$E$501+SAISIE!$F$2:$F$501+SAISIE!$G$2:$G$501+SAISIE!$H$2:$H$501+SAISIE!$I$2:$I$501+SAISIE!$J$2:$J$501+SAISIE!$K$2:$K$501+SAISIE!$L$2:$L$501+SAISIE!$M$2:$M$501+SAISIE!$N$2:$N$501)),0) | C58: =IFERROR(SUMPRODUCT(ISNUMBER(MATCH(SAISIE!$C$2:$C$501,LISTES!$G$2:$G$11,0))*(SAISIE!$D$2:$D$501=LISTES!$K$10),(SAISIE!$E$2:$E$501+SAISIE!$F$2:$F$501+SAISIE!$G$2:$G$501+SAISIE!$H$2:$H$501+SAISIE!$I$2:$I$501+SAISIE!$J$2:$J$501+SAISIE!$K$2:$K$501+SAISIE!$L$2:$L$501+SAISIE!$M$2:$M$501+SAISIE!$N$2:$N$501)),0) | D58: =IFERROR(SUMPRODUCT(ISNUMBER(MATCH(SAISIE!$C$2:$C$501,LISTES!$I$2:$I$11,0))*(SAISIE!$D$2:$D$501=LISTES!$K$10),(SAISIE!$E$2:$E$501+SAISIE!$F$2:$F$501+SAISIE!$G$2:$G$501+SAISIE!$H$2:$H$501+SAISIE!$I$2:$I$501+SAISIE!$J$2:$J$501+SAISIE!$K$2:$K$501+SAISIE!$L$2:$L$501+SAISIE!$M$2:$M$501+SAISIE!$N$2:$N$501)),0) | E58: =SUM(B58:D58) | F58: =IFERROR(COUNTIFS(SAISIE!$D$2:$D$501,LISTES!$K$10),0) | G58: =IFERROR(SUMPRODUCT((SAISIE!$D$2:$D$501=LISTES!$K$10)*((SAISIE!$E$2:$E$501>0)+(SAISIE!$F$2:$F$501>0)+(SAISIE!$G$2:$G$501>0)+(SAISIE!$H$2:$H$501>0)+(SAISIE!$I$2:$I$501>0)+(SAISIE!$J$2:$J$501>0)+(SAISIE!$K$2:$K$501>0)+(SAISIE!$L$2:$L$501>0)+(SAISIE!$M$2:$M$501>0)+(SAISIE!$N$2:$N$501>0))),0) | H58: =IFERROR(SUMPRODUCT((SAISIE!$D$2:$D$501=LISTES!$K$10)/(COUNTIFS(SAISIE!$A$2:$A$501,SAISIE!$A$2:$A$501,SAISIE!$D$2:$D$501,LISTES!$K$10)+((SAISIE!$D$2:$D$501<>LISTES!$K$10)*1E9))),0)
A59: =LISTES!$K$11 | B59: =IFERROR(SUMPRODUCT(ISNUMBER(MATCH(SAISIE!$C$2:$C$501,LISTES!$E$2:$E$11,0))*(SAISIE!$D$2:$D$501=LISTES!$K$11),(SAISIE!$E$2:$E$501+SAISIE!$F$2:$F$501+SAISIE!$G$2:$G$501+SAISIE!$H$2:$H$501+SAISIE!$I$2:$I$501+SAISIE!$J$2:$J$501+SAISIE!$K$2:$K$501+SAISIE!$L$2:$L$501+SAISIE!$M$2:$M$501+SAISIE!$N$2:$N$501)),0) | C59: =IFERROR(SUMPRODUCT(ISNUMBER(MATCH(SAISIE!$C$2:$C$501,LISTES!$G$2:$G$11,0))*(SAISIE!$D$2:$D$501=LISTES!$K$11),(SAISIE!$E$2:$E$501+SAISIE!$F$2:$F$501+SAISIE!$G$2:$G$501+SAISIE!$H$2:$H$501+SAISIE!$I$2:$I$501+SAISIE!$J$2:$J$501+SAISIE!$K$2:$K$501+SAISIE!$L$2:$L$501+SAISIE!$M$2:$M$501+SAISIE!$N$2:$N$501)),0) | D59: =IFERROR(SUMPRODUCT(ISNUMBER(MATCH(SAISIE!$C$2:$C$501,LISTES!$I$2:$I$11,0))*(SAISIE!$D$2:$D$501=LISTES!$K$11),(SAISIE!$E$2:$E$501+SAISIE!$F$2:$F$501+SAISIE!$G$2:$G$501+SAISIE!$H$2:$H$501+SAISIE!$I$2:$I$501+SAISIE!$J$2:$J$501+SAISIE!$K$2:$K$501+SAISIE!$L$2:$L$501+SAISIE!$M$2:$M$501+SAISIE!$N$2:$N$501)),0) | E59: =SUM(B59:D59) | F59: =IFERROR(COUNTIFS(SAISIE!$D$2:$D$501,LISTES!$K$11),0) | G59: =IFERROR(SUMPRODUCT((SAISIE!$D$2:$D$501=LISTES!$K$11)*((SAISIE!$E$2:$E$501>0)+(SAISIE!$F$2:$F$501>0)+(SAISIE!$G$2:$G$501>0)+(SAISIE!$H$2:$H$501>0)+(SAISIE!$I$2:$I$501>0)+(SAISIE!$J$2:$J$501>0)+(SAISIE!$K$2:$K$501>0)+(SAISIE!$L$2:$L$501>0)+(SAISIE!$M$2:$M$501>0)+(SAISIE!$N$2:$N$501>0))),0) | H59: =IFERROR(SUMPRODUCT((SAISIE!$D$2:$D$501=LISTES!$K$11)/(COUNTIFS(SAISIE!$A$2:$A$501,SAISIE!$A$2:$A$501,SAISIE!$D$2:$D$501,LISTES!$K$11)+((SAISIE!$D$2:$D$501<>LISTES!$K$11)*1E9))),0)
A60: TOTAL | B60: =SUM(B50:B59) | C60: =SUM(C50:C59) | D60: =SUM(D50:D59) | E60: =SUM(E50:E59) | F60: =SUM(F50:F59) | G60: =SUM(G50:G59) | H60: =SUM(H50:H59)

Sheet LISTES
A1: Intervenants | C1: Demi-journée | E1: RTR Classiques | G1: RTR Zone Orange | I1: RTR Neutroniques | K1: Bâtiments | M1: ▣ Tous RTR (auto)
A2: XG | C2: AM | E2: RTR-1 | G2: RTR-ZO-1 | I2: RTR-N-1 | K2: BR5 | M2: =IF(E2<>"",E2,"")
A3: VM | C3: PM | K3: BR6 | M3: =IF(E3<>"",E3,"")
A4: LB | C4: HS | K4: BL5 | M4: =IF(E4<>"",E4,"")
A5: BB | K5: BL6 | M5: =IF(E5<>"",E5,"")
A6: AA | K6: BL7 | M6: =IF(E6<>"",E6,"")
A7: AC | K7: BK5 | M7: =IF(E7<>"",E7,"")
K8: BK6 | M8: =IF(E8<>"",E8,"")
K9: BAN7 | M9: =IF(E9<>"",E9,"")
K10: DB5 | M10: =IF(E10<>"",E10,"")
K11: DB6 | M11: =IF(E11<>"",E11,"")
A12: =COUNTA(A2:A11)&"/10" | C12: =COUNTA(C2:C11)&"/10" | E12: =COUNTA(E2:E11)&"/10" | G12: =COUNTA(G2:G11)&"/10" | I12: =COUNTA(I2:I11)&"/10" | K12: =COUNTA(K2:K11)&"/10" | M12: =IF(G2<>"",G2,"")
M13: =IF(G3<>"",G3,"")
M14: =IF(G4<>"",G4,"")
M15: =IF(G5<>"",G5,"")
M16: =IF(G6<>"",G6,"")
M17: =IF(G7<>"",G7,"")
M18: =IF(G8<>"",G8,"")
M19: =IF(G9<>"",G9,"")
M20: =IF(G10<>"",G10,"")
M21: =IF(G11<>"",G11,"")
M22: =IF(I2<>"",I2,"")
M23: =IF(I3<>"",I3,"")
M24: =IF(I4<>"",I4,"")
M25: =IF(I5<>"",I5,"")
M26: =IF(I6<>"",I6,"")
M27: =IF(I7<>"",I7,"")
M28: =IF(I8<>"",I8,"")
M29: =IF(I9<>"",I9,"")
M30: =IF(I10<>"",I10,"")
M31: =IF(I11<>"",I11,"")
M32: =COUNTA(E2:E11)+COUNTA(G2:G11)+COUNTA(I2:I11)&"/30"
