Workbook

Sheet CONFIG
A1: CONFIGURATION
A2: Modifiez les listes ci-dessous.
A4: Intervenants | C4: RTR | E4: Batiments | G4: Demi-journee
A5: XG | C5: RTR-1 | E5: BR5 | G5: AM
A6: VM | C6: RTR-ZO-1 | E6: BR6 | G6: PM
A7: LB | C7: RTR-N-1 | E7: BL5 | G7: HS
A8: BB | E8: BL6
A9: AA | E9: BL7
A10: AC | E10: BK5
E11: BK6
E12: BAN7
E13: DB5
E14: DB6
A16: =COUNTA(A5:A14)&" / 10 intervenants"
E26: =COUNTA(E5:E24)&" / 20 batiments"
C36: =COUNTA(C5:C34)&" / 30 RTR"

Sheet TABLEAU_DE_BORD
A1: TABLEAU DE BORD
A2: Indicateur | B2: Valeur | C2: Unite
A3: Dose collective totale | B3: =SUIVI_RTR!C33 | C3: mSv
A4: Dose prevue totale | B4: =SUIVI_RTR!B33 | C4: mSv
A5: Reste a consommer | B5: =IFERROR(SUIVI_RTR!B33-SUIVI_RTR!C33,"") | C5: mSv
A6: % global consomme | B6: =IFERROR(SUIVI_RTR!C33/SUIVI_RTR!B33,"") | C6: %
A7: Nb total de passages | B7: =SUIVI_RTR!F33 | C7: passages
A8: RTR actifs | B8: =COUNTA(CONFIG!C5:C34) | C8: RTR
A9: Intervenants actifs | B9: =COUNTA(CONFIG!A5:A14) | C9: personnes
A10: Dose max individuelle | B10: =MAX(SUIVI_INTERVENANT!B3:B12) | C10: mSv
A11: % max vs limite 3 mSv | B11: =IFERROR(MAX(SUIVI_INTERVENANT!B3:B12)/3,"")

Sheet SAISIE
A1: Date | B1: DJ | C1: RTR | D1: Batiment | E1: =CONFIG!$A$5 | F1: =CONFIG!$A$6 | G1: =CONFIG!$A$7 | H1: =CONFIG!$A$8 | I1: =CONFIG!$A$9 | J1: =CONFIG!$A$10 | K1: =CONFIG!$A$11 | L1: =CONFIG!$A$12 | M1: =CONFIG!$A$13 | N1: =CONFIG!$A$14 | O1: Dose totale | P1: Commentaire
A2: 46072 | B2: AM | C2: RTR-1 | D2: BAN7 | E2: 0.002 | O2: =IF(SUM(E2:N2)>0,SUM(E2:N2),"") | P2: Exemple de saisie
A3: =IF(B3=CONFIG!$G$5,A2+1,A2) | B3: =IF(B2=CONFIG!$G$6,CONFIG!$G$5,CONFIG!$G$6) | O3: =IF(SUM(E3:N3)>0,SUM(E3:N3),"")
A4: =IF(B4=CONFIG!$G$5,A3+1,A3) | B4: =IF(B3=CONFIG!$G$6,CONFIG!$G$5,CONFIG!$G$6) | O4: =IF(SUM(E4:N4)>0,SUM(E4:N4),"")
A5: =IF(B5=CONFIG!$G$5,A4+1,A4) | B5: =IF(B4=CONFIG!$G$6,CONFIG!$G$5,CONFIG!$G$6) | O5: =IF(SUM(E5:N5)>0,SUM(E5:N5),"")
A6: =IF(B6=CONFIG!$G$5,A5+1,A5) | B6: =IF(B5=CONFIG!$G$6,CONFIG!$G$5,CONFIG!$G$6) | O6: =IF(SUM(E6:N6)>0,SUM(E6:N6),"")
A7: =IF(B7=CONFIG!$G$5,A6+1,A6) | B7: =IF(B6=CONFIG!$G$6,CONFIG!$G$5,CONFIG!$G$6) | O7: =IF(SUM(E7:N7)>0,SUM(E7:N7),"")
A8: =IF(B8=CONFIG!$G$5,A7+1,A7) | B8: =IF(B7=CONFIG!$G$6,CONFIG!$G$5,CONFIG!$G$6) | O8: =IF(SUM(E8:N8)>0,SUM(E8:N8),"")
A9: =IF(B9=CONFIG!$G$5,A8+1,A8) | B9: =IF(B8=CONFIG!$G$6,CONFIG!$G$5,CONFIG!$G$6) | O9: =IF(SUM(E9:N9)>0,SUM(E9:N9),"")
A10: =IF(B10=CONFIG!$G$5,A9+1,A9) | B10: =IF(B9=CONFIG!$G$6,CONFIG!$G$5,CONFIG!$G$6) | O10: =IF(SUM(E10:N10)>0,SUM(E10:N10),"")
A11: =IF(B11=CONFIG!$G$5,A10+1,A10) | B11: =IF(B10=CONFIG!$G$6,CONFIG!$G$5,CONFIG!$G$6) | O11: =IF(SUM(E11:N11)>0,SUM(E11:N11),"")
A12: =IF(B12=CONFIG!$G$5,A11+1,A11) | B12: =IF(B11=CONFIG!$G$6,CONFIG!$G$5,CONFIG!$G$6) | O12: =IF(SUM(E12:N12)>0,SUM(E12:N12),"")
A13: =IF(B13=CONFIG!$G$5,A12+1,A12) | B13: =IF(B12=CONFIG!$G$6,CONFIG!$G$5,CONFIG!$G$6) | O13: =IF(SUM(E13:N13)>0,SUM(E13:N13),"")
A14: =IF(B14=CONFIG!$G$5,A13+1,A13) | B14: =IF(B13=CONFIG!$G$6,CONFIG!$G$5,CONFIG!$G$6) | O14: =IF(SUM(E14:N14)>0,SUM(E14:N14),"")
... A501: =IF(B501=CONFIG!$G$5,A500+1,A500) | B501: =IF(B500=CONFIG!$G$6,CONFIG!$G$5,CONFIG!$G$6) | O501: =IF(SUM(E501:N501)>0,SUM(E501:N501),"")

Sheet SUIVI_RTR
A1: SUIVI PAR RTR
A2: RTR | B2: Prevu (mSv) | C2: Consomme (mSv) | D2: Reste (mSv) | E2: % consomme | F2: Passages
A3: =IF(CONFIG!C5<>"",CONFIG!C5,"") | B3: 1.716 | C3: =IF(A3="",0,SUMIFS(SAISIE!$O$2:$O$501,SAISIE!$C$2:$C$501,A3)) | D3: =IF(OR(A3="",B3=0),"",B3-C3) | E3: =IF(OR(A3="",B3=0),"",C3/B3) | F3: =IF(A3="",0,COUNTIF(SAISIE!$C$2:$C$501,A3))
A4: =IF(CONFIG!C6<>"",CONFIG!C6,"") | C4: =IF(A4="",0,SUMIFS(SAISIE!$O$2:$O$501,SAISIE!$C$2:$C$501,A4)) | D4: =IF(OR(A4="",B4=0),"",B4-C4) | E4: =IF(OR(A4="",B4=0),"",C4/B4) | F4: =IF(A4="",0,COUNTIF(SAISIE!$C$2:$C$501,A4))
A5: =IF(CONFIG!C7<>"",CONFIG!C7,"") | C5: =IF(A5="",0,SUMIFS(SAISIE!$O$2:$O$501,SAISIE!$C$2:$C$501,A5)) | D5: =IF(OR(A5="",B5=0),"",B5-C5) | E5: =IF(OR(A5="",B5=0),"",C5/B5) | F5: =IF(A5="",0,COUNTIF(SAISIE!$C$2:$C$501,A5))
A6: =IF(CONFIG!C8<>"",CONFIG!C8,"") | C6: =IF(A6="",0,SUMIFS(SAISIE!$O$2:$O$501,SAISIE!$C$2:$C$501,A6)) | D6: =IF(OR(A6="",B6=0),"",B6-C6) | E6: =IF(OR(A6="",B6=0),"",C6/B6) | F6: =IF(A6="",0,COUNTIF(SAISIE!$C$2:$C$501,A6))
A7: =IF(CONFIG!C9<>"",CONFIG!C9,"") | C7: =IF(A7="",0,SUMIFS(SAISIE!$O$2:$O$501,SAISIE!$C$2:$C$501,A7)) | D7: =IF(OR(A7="",B7=0),"",B7-C7) | E7: =IF(OR(A7="",B7=0),"",C7/B7) | F7: =IF(A7="",0,COUNTIF(SAISIE!$C$2:$C$501,A7))
A8: =IF(CONFIG!C10<>"",CONFIG!C10,"") | C8: =IF(A8="",0,SUMIFS(SAISIE!$O$2:$O$501,SAISIE!$C$2:$C$501,A8)) | D8: =IF(OR(A8="",B8=0),"",B8-C8) | E8: =IF(OR(A8="",B8=0),"",C8/B8) | F8: =IF(A8="",0,COUNTIF(SAISIE!$C$2:$C$501,A8))
A9: =IF(CONFIG!C11<>"",CONFIG!C11,"") | C9: =IF(A9="",0,SUMIFS(SAISIE!$O$2:$O$501,SAISIE!$C$2:$C$501,A9)) | D9: =IF(OR(A9="",B9=0),"",B9-C9) | E9: =IF(OR(A9="",B9=0),"",C9/B9) | F9: =IF(A9="",0,COUNTIF(SAISIE!$C$2:$C$501,A9))
A10: =IF(CONFIG!C12<>"",CONFIG!C12,"") | C10: =IF(A10="",0,SUMIFS(SAISIE!$O$2:$O$501,SAISIE!$C$2:$C$501,A10)) | D10: =IF(OR(A10="",B10=0),"",B10-C10) | E10: =IF(OR(A10="",B10=0),"",C10/B10) | F10: =IF(A10="",0,COUNTIF(SAISIE!$C$2:$C$501,A10))
A11: =IF(CONFIG!C13<>"",CONFIG!C13,"") | C11: =IF(A11="",0,SUMIFS(SAISIE!$O$2:$O$501,SAISIE!$C$2:$C$501,A11)) | D11: =IF(OR(A11="",B11=0),"",B11-C11) | E11: =IF(OR(A11="",B11=0),"",C11/B11) | F11: =IF(A11="",0,COUNTIF(SAISIE!$C$2:$C$501,A11))
A12: =IF(CONFIG!C14<>"",CONFIG!C14,"") | C12: =IF(A12="",0,SUMIFS(SAISIE!$O$2:$O$501,SAISIE!$C$2:$C$501,A12)) | D12: =IF(OR(A12="",B12=0),"",B12-C12) | E12: =IF(OR(A12="",B12=0),"",C12/B12) | F12: =IF(A12="",0,COUNTIF(SAISIE!$C$2:$C$501,A12))
A13: =IF(CONFIG!C15<>"",CONFIG!C15,"") | C13: =IF(A13="",0,SUMIFS(SAISIE!$O$2:$O$501,SAISIE!$C$2:$C$501,A13)) | D13: =IF(OR(A13="",B13=0),"",B13-C13) | E13: =IF(OR(A13="",B13=0),"",C13/B13) | F13: =IF(A13="",0,COUNTIF(SAISIE!$C$2:$C$501,A13))
A14: =IF(CONFIG!C16<>"",CONFIG!C16,"") | C14: =IF(A14="",0,SUMIFS(SAISIE!$O$2:$O$501,SAISIE!$C$2:$C$501,A14)) | D14: =IF(OR(A14="",B14=0),"",B14-C14) | E14: =IF(OR(A14="",B14=0),"",C14/B14) | F14: =IF(A14="",0,COUNTIF(SAISIE!$C$2:$C$501,A14))
A15: =IF(CONFIG!C17<>"",CONFIG!C17,"") | C15: =IF(A15="",0,SUMIFS(SAISIE!$O$2:$O$501,SAISIE!$C$2:$C$501,A15)) | D15: =IF(OR(A15="",B15=0),"",B15-C15) | E15: =IF(OR(A15="",B15=0),"",C15/B15) | F15: =IF(A15="",0,COUNTIF(SAISIE!$C$2:$C$501,A15))
... A32: =IF(CONFIG!C34<>"",CONFIG!C34,"") | C32: =IF(A32="",0,SUMIFS(SAISIE!$O$2:$O$501,SAISIE!$C$2:$C$501,A32)) | D32: =IF(OR(A32="",B32=0),"",B32-C32) | E32: =IF(OR(A32="",B32=0),"",C32/B32) | F32: =IF(A32="",0,COUNTIF(SAISIE!$C$2:$C$501,A32))
A33: TOTAL | B33: =SUM(B3:B32) | C33: =SUM(C3:C32) | D33: =IFERROR(B33-C33,"") | E33: =IFERROR(C33/B33,"") | F33: =SUM(F3:F32)

Sheet SUIVI_BATIMENT
A1: SUIVI PAR BATIMENT
A2: Batiment | B2: Dose totale (mSv) | C2: Demi-journees | D2: Jours-Homme | E2: Jours Calendrier
A3: =IF(CONFIG!E5<>"",CONFIG!E5,"") | B3: =IF(A3="",0,SUMIFS(SAISIE!$O$2:$O$501,SAISIE!$D$2:$D$501,A3)) | C3: =IF(A3="",0,COUNTIF(SAISIE!$D$2:$D$501,A3)) | D3: =IFERROR(SUMPRODUCT((SAISIE!$D$2:$D$501=A3)*((SAISIE!$E$2:$E$501>0)+(SAISIE!$F$2:$F$501>0)+(SAISIE!$G$2:$G$501>0)+(SAISIE!$H$2:$H$501>0)+(SAISIE!$I$2:$I$501>0)+(SAISIE!$J$2:$J$501>0)+(SAISIE!$K$2:$K$501>0)+(SAISIE!$L$2:$L$501>0)+(SAISIE!$M$2:$M$501>0)+(SAISIE!$N$2:$N$501>0))),0) | E3: =IFERROR(SUMPRODUCT((SAISIE!$D$2:$D$501=A3)/(COUNTIFS(SAISIE!$A$2:$A$501,SAISIE!$A$2:$A$501,SAISIE!$D$2:$D$501,A3)+((SAISIE!$D$2:$D$501<>A3)*1E9))),0)
A4: =IF(CONFIG!E6<>"",CONFIG!E6,"") | B4: =IF(A4="",0,SUMIFS(SAISIE!$O$2:$O$501,SAISIE!$D$2:$D$501,A4)) | C4: =IF(A4="",0,COUNTIF(SAISIE!$D$2:$D$501,A4)) | D4: =IFERROR(SUMPRODUCT((SAISIE!$D$2:$D$501=A4)*((SAISIE!$E$2:$E$501>0)+(SAISIE!$F$2:$F$501>0)+(SAISIE!$G$2:$G$501>0)+(SAISIE!$H$2:$H$501>0)+(SAISIE!$I$2:$I$501>0)+(SAISIE!$J$2:$J$501>0)+(SAISIE!$K$2:$K$501>0)+(SAISIE!$L$2:$L$501>0)+(SAISIE!$M$2:$M$501>0)+(SAISIE!$N$2:$N$501>0))),0) | E4: =IFERROR(SUMPRODUCT((SAISIE!$D$2:$D$501=A4)/(COUNTIFS(SAISIE!$A$2:$A$501,SAISIE!$A$2:$A$501,SAISIE!$D$2:$D$501,A4)+((SAISIE!$D$2:$D$501<>A4)*1E9))),0)
A5: =IF(CONFIG!E7<>"",CONFIG!E7,"") | B5: =IF(A5="",0,SUMIFS(SAISIE!$O$2:$O$501,SAISIE!$D$2:$D$501,A5)) | C5: =IF(A5="",0,COUNTIF(SAISIE!$D$2:$D$501,A5)) | D5: =IFERROR(SUMPRODUCT((SAISIE!$D$2:$D$501=A5)*((SAISIE!$E$2:$E$501>0)+(SAISIE!$F$2:$F$501>0)+(SAISIE!$G$2:$G$501>0)+(SAISIE!$H$2:$H$501>0)+(SAISIE!$I$2:$I$501>0)+(SAISIE!$J$2:$J$501>0)+(SAISIE!$K$2:$K$501>0)+(SAISIE!$L$2:$L$501>0)+(SAISIE!$M$2:$M$501>0)+(SAISIE!$N$2:$N$501>0))),0) | E5: =IFERROR(SUMPRODUCT((SAISIE!$D$2:$D$501=A5)/(COUNTIFS(SAISIE!$A$2:$A$501,SAISIE!$A$2:$A$501,SAISIE!$D$2:$D$501,A5)+((SAISIE!$D$2:$D$501<>A5)*1E9))),0)
A6: =IF(CONFIG!E8<>"",CONFIG!E8,"") | B6: =IF(A6="",0,SUMIFS(SAISIE!$O$2:$O$501,SAISIE!$D$2:$D$501,A6)) | C6: =IF(A6="",0,COUNTIF(SAISIE!$D$2:$D$501,A6)) | D6: =IFERROR(SUMPRODUCT((SAISIE!$D$2:$D$501=A6)*((SAISIE!$E$2:$E$501>0)+(SAISIE!$F$2:$F$501>0)+(SAISIE!$G$2:$G$501>0)+(SAISIE!$H$2:$H$501>0)+(SAISIE!$I$2:$I$501>0)+(SAISIE!$J$2:$J$501>0)+(SAISIE!$K$2:$K$501>0)+(SAISIE!$L$2:$L$501>0)+(SAISIE!$M$2:$M$501>0)+(SAISIE!$N$2:$N$501>0))),0) | E6: =IFERROR(SUMPRODUCT((SAISIE!$D$2:$D$501=A6)/(COUNTIFS(SAISIE!$A$2:$A$501,SAISIE!$A$2:$A$501,SAISIE!$D$2:$D$501,A6)+((SAISIE!$D$2:$D$501<>A6)*1E9))),0)
A7: =IF(CONFIG!E9<>"",CONFIG!E9,"") | B7: =IF(A7="",0,SUMIFS(SAISIE!$O$2:$O$501,SAISIE!$D$2:$D$501,A7)) | C7: =IF(A7="",0,COUNTIF(SAISIE!$D$2:$D$501,A7)) | D7: =IFERROR(SUMPRODUCT((SAISIE!$D$2:$D$501=A7)*((SAISIE!$E$2:$E$501>0)+(SAISIE!$F$2:$F$501>0)+(SAISIE!$G$2:$G$501>0)+(SAISIE!$H$2:$H$501>0)+(SAISIE!$I$2:$I$501>0)+(SAISIE!$J$2:$J$501>0)+(SAISIE!$K$2:$K$501>0)+(SAISIE!$L$2:$L$501>0)+(SAISIE!$M$2:$M$501>0)+(SAISIE!$N$2:$N$501>0))),0) | E7: =IFERROR(SUMPRODUCT((SAISIE!$D$2:$D$501=A7)/(COUNTIFS(SAISIE!$A$2:$A$501,SAISIE!$A$2:$A$501,SAISIE!$D$2:$D$501,A7)+((SAISIE!$D$2:$D$501<>A7)*1E9))),0)
A8: =IF(CONFIG!E10<>"",CONFIG!E10,"") | B8: =IF(A8="",0,SUMIFS(SAISIE!$O$2:$O$501,SAISIE!$D$2:$D$501,A8)) | C8: =IF(A8="",0,COUNTIF(SAISIE!$D$2:$D$501,A8)) | D8: =IFERROR(SUMPRODUCT((SAISIE!$D$2:$D$501=A8)*((SAISIE!$E$2:$E$501>0)+(SAISIE!$F$2:$F$501>0)+(SAISIE!$G$2:$G$501>0)+(SAISIE!$H$2:$H$501>0)+(SAISIE!$I$2:$I$501>0)+(SAISIE!$J$2:$J$501>0)+(SAISIE!$K$2:$K$501>0)+(SAISIE!$L$2:$L$501>0)+(SAISIE!$M$2:$M$501>0)+(SAISIE!$N$2:$N$501>0))),0) | E8: =IFERROR(SUMPRODUCT((SAISIE!$D$2:$D$501=A8)/(COUNTIFS(SAISIE!$A$2:$A$501,SAISIE!$A$2:$A$501,SAISIE!$D$2:$D$501,A8)+((SAISIE!$D$2:$D$501<>A8)*1E9))),0)
A9: =IF(CONFIG!E11<>"",CONFIG!E11,"") | B9: =IF(A9="",0,SUMIFS(SAISIE!$O$2:$O$501,SAISIE!$D$2:$D$501,A9)) | C9: =IF(A9="",0,COUNTIF(SAISIE!$D$2:$D$501,A9)) | D9: =IFERROR(SUMPRODUCT((SAISIE!$D$2:$D$501=A9)*((SAISIE!$E$2:$E$501>0)+(SAISIE!$F$2:$F$501>0)+(SAISIE!$G$2:$G$501>0)+(SAISIE!$H$2:$H$501>0)+(SAISIE!$I$2:$I$501>0)+(SAISIE!$J$2:$J$501>0)+(SAISIE!$K$2:$K$501>0)+(SAISIE!$L$2:$L$501>0)+(SAISIE!$M$2:$M$501>0)+(SAISIE!$N$2:$N$501>0))),0) | E9: =IFERROR(SUMPRODUCT((SAISIE!$D$2:$D$501=A9)/(COUNTIFS(SAISIE!$A$2:$A$501,SAISIE!$A$2:$A$501,SAISIE!$D$2:$D$501,A9)+((SAISIE!$D$2:$D$501<>A9)*1E9))),0)
A10: =IF(CONFIG!E12<>"",CONFIG!E12,"") | B10: =IF(A10="",0,SUMIFS(SAISIE!$O$2:$O$501,SAISIE!$D$2:$D$501,A10)) | C10: =IF(A10="",0,COUNTIF(SAISIE!$D$2:$D$501,A10)) | D10: =IFERROR(SUMPRODUCT((SAISIE!$D$2:$D$501=A10)*((SAISIE!$E$2:$E$501>0)+(SAISIE!$F$2:$F$501>0)+(SAISIE!$G$2:$G$501>0)+(SAISIE!$H$2:$H$501>0)+(SAISIE!$I$2:$I$501>0)+(SAISIE!$J$2:$J$501>0)+(SAISIE!$K$2:$K$501>0)+(SAISIE!$L$2:$L$501>0)+(SAISIE!$M$2:$M$501>0)+(SAISIE!$N$2:$N$501>0))),0) | E10: =IFERROR(SUMPRODUCT((SAISIE!$D$2:$D$501=A10)/(COUNTIFS(SAISIE!$A$2:$A$501,SAISIE!$A$2:$A$501,SAISIE!$D$2:$D$501,A10)+((SAISIE!$D$2:$D$501<>A10)*1E9))),0)
A11: =IF(CONFIG!E13<>"",CONFIG!E13,"") | B11: =IF(A11="",0,SUMIFS(SAISIE!$O$2:$O$501,SAISIE!$D$2:$D$501,A11)) | C11: =IF(A11="",0,COUNTIF(SAISIE!$D$2:$D$501,A11)) | D11: =IFERROR(SUMPRODUCT((SAISIE!$D$2:$D$501=A11)*((SAISIE!$E$2:$E$501>0)+(SAISIE!$F$2:$F$501>0)+(SAISIE!$G$2:$G$501>0)+(SAISIE!$H$2:$H$501>0)+(SAISIE!$I$2:$I$501>0)+(SAISIE!$J$2:$J$501>0)+(SAISIE!$K$2:$K$501>0)+(SAISIE!$L$2:$L$501>0)+(SAISIE!$M$2:$M$501>0)+(SAISIE!$N$2:$N$501>0))),0) | E11: =IFERROR(SUMPRODUCT((SAISIE!$D$2:$D$501=A11)/(COUNTIFS(SAISIE!$A$2:$A$501,SAISIE!$A$2:$A$501,SAISIE!$D$2:$D$501,A11)+((SAISIE!$D$2:$D$501<>A11)*1E9))),0)
A12: =IF(CONFIG!E14<>"",CONFIG!E14,"") | B12: =IF(A12="",0,SUMIFS(SAISIE!$O$2:$O$501,SAISIE!$D$2:$D$501,A12)) | C12: =IF(A12="",0,COUNTIF(SAISIE!$D$2:$D$501,A12)) | D12: =IFERROR(SUMPRODUCT((SAISIE!$D$2:$D$501=A12)*((SAISIE!$E$2:$E$501>0)+(SAISIE!$F$2:$F$501>0)+(SAISIE!$G$2:$G$501>0)+(SAISIE!$H$2:$H$501>0)+(SAISIE!$I$2:$I$501>0)+(SAISIE!$J$2:$J$501>0)+(SAISIE!$K$2:$K$501>0)+(SAISIE!$L$2:$L$501>0)+(SAISIE!$M$2:$M$501>0)+(SAISIE!$N$2:$N$501>0))),0) | E12: =IFERROR(SUMPRODUCT((SAISIE!$D$2:$D$501=A12)/(COUNTIFS(SAISIE!$A$2:$A$501,SAISIE!$A$2:$A$501,SAISIE!$D$2:$D$501,A12)+((SAISIE!$D$2:$D$501<>A12)*1E9))),0)
A13: =IF(CONFIG!E15<>"",CONFIG!E15,"") | B13: =IF(A13="",0,SUMIFS(SAISIE!$O$2:$O$501,SAISIE!$D$2:$D$501,A13)) | C13: =IF(A13="",0,COUNTIF(SAISIE!$D$2:$D$501,A13)) | D13: =IFERROR(SUMPRODUCT((SAISIE!$D$2:$D$501=A13)*((SAISIE!$E$2:$E$501>0)+(SAISIE!$F$2:$F$501>0)+(SAISIE!$G$2:$G$501>0)+(SAISIE!$H$2:$H$501>0)+(SAISIE!$I$2:$I$501>0)+(SAISIE!$J$2:$J$501>0)+(SAISIE!$K$2:$K$501>0)+(SAISIE!$L$2:$L$501>0)+(SAISIE!$M$2:$M$501>0)+(SAISIE!$N$2:$N$501>0))),0) | E13: =IFERROR(SUMPRODUCT((SAISIE!$D$2:$D$501=A13)/(COUNTIFS(SAISIE!$A$2:$A$501,SAISIE!$A$2:$A$501,SAISIE!$D$2:$D$501,A13)+((SAISIE!$D$2:$D$501<>A13)*1E9))),0)
A14: =IF(CONFIG!E16<>"",CONFIG!E16,"") | B14: =IF(A14="",0,SUMIFS(SAISIE!$O$2:$O$501,SAISIE!$D$2:$D$501,A14)) | C14: =IF(A14="",0,COUNTIF(SAISIE!$D$2:$D$501,A14)) | D14: =IFERROR(SUMPRODUCT((SAISIE!$D$2:$D$501=A14)*((SAISIE!$E$2:$E$501>0)+(SAISIE!$F$2:$F$501>0)+(SAISIE!$G$2:$G$501>0)+(SAISIE!$H$2:$H$501>0)+(SAISIE!$I$2:$I$501>0)+(SAISIE!$J$2:$J$501>0)+(SAISIE!$K$2:$K$501>0)+(SAISIE!$L$2:$L$501>0)+(SAISIE!$M$2:$M$501>0)+(SAISIE!$N$2:$N$501>0))),0) | E14: =IFERROR(SUMPRODUCT((SAISIE!$D$2:$D$501=A14)/(COUNTIFS(SAISIE!$A$2:$A$501,SAISIE!$A$2:$A$501,SAISIE!$D$2:$D$501,A14)+((SAISIE!$D$2:$D$501<>A14)*1E9))),0)
... A22: =IF(CONFIG!E24<>"",CONFIG!E24,"") | B22: =IF(A22="",0,SUMIFS(SAISIE!$O$2:$O$501,SAISIE!$D$2:$D$501,A22)) | C22: =IF(A22="",0,COUNTIF(SAISIE!$D$2:$D$501,A22)) | D22: =IFERROR(SUMPRODUCT((SAISIE!$D$2:$D$501=A22)*((SAISIE!$E$2:$E$501>0)+(SAISIE!$F$2:$F$501>0)+(SAISIE!$G$2:$G$501>0)+(SAISIE!$H$2:$H$501>0)+(SAISIE!$I$2:$I$501>0)+(SAISIE!$J$2:$J$501>0)+(SAISIE!$K$2:$K$501>0)+(SAISIE!$L$2:$L$501>0)+(SAISIE!$M$2:$M$501>0)+(SAISIE!$N$2:$N$501>0))),0) | E22: =IFERROR(SUMPRODUCT((SAISIE!$D$2:$D$501=A22)/(COUNTIFS(SAISIE!$A$2:$A$501,SAISIE!$A$2:$A$501,SAISIE!$D$2:$D$501,A22)+((SAISIE!$D$2:$D$501<>A22)*1E9))),0)
A23: TOTAL | B23: =SUM(B3:B22) | C23: =SUM(C3:C22) | D23: =SUM(D3:D22) | E23: =SUM(E3:E22)

Sheet SUIVI_INTERVENANT
A1: SUIVI PAR INTERVENANT
A2: Intervenant | B2: Dose totale (mSv) | C2: Postes | D2: Dose moy/poste | E2: % limite (3 mSv)
A3: =IF(CONFIG!A5<>"",CONFIG!A5,"") | B3: =IF(A3="",0,SUM(SAISIE!$E$2:$E$501)) | C3: =IF(A3="",0,COUNTIF(SAISIE!$E$2:$E$501,">0")) | D3: =IF(OR(A3="",C3=0),"",B3/C3) | E3: =IF(A3="","",B3/3)
A4: =IF(CONFIG!A6<>"",CONFIG!A6,"") | B4: =IF(A4="",0,SUM(SAISIE!$F$2:$F$501)) | C4: =IF(A4="",0,COUNTIF(SAISIE!$F$2:$F$501,">0")) | D4: =IF(OR(A4="",C4=0),"",B4/C4) | E4: =IF(A4="","",B4/3)
A5: =IF(CONFIG!A7<>"",CONFIG!A7,"") | B5: =IF(A5="",0,SUM(SAISIE!$G$2:$G$501)) | C5: =IF(A5="",0,COUNTIF(SAISIE!$G$2:$G$501,">0")) | D5: =IF(OR(A5="",C5=0),"",B5/C5) | E5: =IF(A5="","",B5/3)
A6: =IF(CONFIG!A8<>"",CONFIG!A8,"") | B6: =IF(A6="",0,SUM(SAISIE!$H$2:$H$501)) | C6: =IF(A6="",0,COUNTIF(SAISIE!$H$2:$H$501,">0")) | D6: =IF(OR(A6="",C6=0),"",B6/C6) | E6: =IF(A6="","",B6/3)
A7: =IF(CONFIG!A9<>"",CONFIG!A9,"") | B7: =IF(A7="",0,SUM(SAISIE!$I$2:$I$501)) | C7: =IF(A7="",0,COUNTIF(SAISIE!$I$2:$I$501,">0")) | D7: =IF(OR(A7="",C7=0),"",B7/C7) | E7: =IF(A7="","",B7/3)
A8: =IF(CONFIG!A10<>"",CONFIG!A10,"") | B8: =IF(A8="",0,SUM(SAISIE!$J$2:$J$501)) | C8: =IF(A8="",0,COUNTIF(SAISIE!$J$2:$J$501,">0")) | D8: =IF(OR(A8="",C8=0),"",B8/C8) | E8: =IF(A8="","",B8/3)
A9: =IF(CONFIG!A11<>"",CONFIG!A11,"") | B9: =IF(A9="",0,SUM(SAISIE!$K$2:$K$501)) | C9: =IF(A9="",0,COUNTIF(SAISIE!$K$2:$K$501,">0")) | D9: =IF(OR(A9="",C9=0),"",B9/C9) | E9: =IF(A9="","",B9/3)
A10: =IF(CONFIG!A12<>"",CONFIG!A12,"") | B10: =IF(A10="",0,SUM(SAISIE!$L$2:$L$501)) | C10: =IF(A10="",0,COUNTIF(SAISIE!$L$2:$L$501,">0")) | D10: =IF(OR(A10="",C10=0),"",B10/C10) | E10: =IF(A10="","",B10/3)
A11: =IF(CONFIG!A13<>"",CONFIG!A13,"") | B11: =IF(A11="",0,SUM(SAISIE!$M$2:$M$501)) | C11: =IF(A11="",0,COUNTIF(SAISIE!$M$2:$M$501,">0")) | D11: =IF(OR(A11="",C11=0),"",B11/C11) | E11: =IF(A11="","",B11/3)
A12: =IF(CONFIG!A14<>"",CONFIG!A14,"") | B12: =IF(A12="",0,SUM(SAISIE!$N$2:$N$501)) | C12: =IF(A12="",0,COUNTIF(SAISIE!$N$2:$N$501,">0")) | D12: =IF(OR(A12="",C12=0),"",B12/C12) | E12: =IF(A12="","",B12/3)
A13: TOTAL | B13: =SUM(B3:B12) | C13: =SUM(C3:C12) | D13: =IFERROR(B13/C13,"")
